2025-06-16 17:06:54 - INFO - 启动TAVI智能分析系统API服务...
2025-06-16 17:06:55 - INFO - 启动TAVI智能分析系统API服务...
2025-06-16 17:07:22 - INFO - 数据库连接成功
2025-06-16 17:07:22 - DEBUG - 构建的WHERE子句: 
2025-06-16 17:07:22 - DEBUG - 参数: []
2025-06-16 17:07:22 - INFO - 图表查询SQL: SELECT * FROM tavi_patients
2025-06-16 17:07:22 - INFO - 查询参数: []
2025-06-16 17:07:22 - INFO - 数据库连接成功
2025-06-16 17:07:22 - DEBUG - 构建的WHERE子句: 
2025-06-16 17:07:22 - DEBUG - 参数: []
2025-06-16 17:07:22 - INFO - 数据库连接成功
2025-06-16 17:07:22 - DEBUG - 构建的WHERE子句: 
2025-06-16 17:07:22 - DEBUG - 参数: []
2025-06-16 17:07:35 - INFO - 数据库连接成功
2025-06-16 17:07:35 - DEBUG - 构建的WHERE子句: 
2025-06-16 17:07:35 - DEBUG - 参数: []
2025-06-16 17:07:36 - INFO - 数据库连接成功
2025-06-16 17:07:36 - DEBUG - 构建的WHERE子句: 
2025-06-16 17:07:36 - DEBUG - 参数: []
2025-06-16 17:07:36 - INFO - 数据库连接成功
2025-06-16 17:07:36 - DEBUG - 构建的WHERE子句: 
2025-06-16 17:07:36 - INFO - 图表查询SQL: SELECT * FROM tavi_patients
2025-06-16 17:07:36 - DEBUG - 参数: []
2025-06-16 17:07:36 - INFO - 查询参数: []
2025-06-16 17:10:46 - INFO - 启动TAVI智能分析系统API服务...
2025-06-16 17:10:46 - INFO - 启动TAVI智能分析系统API服务...
2025-06-16 17:11:11 - INFO - 数据库连接成功
2025-06-16 17:11:11 - DEBUG - 构建的WHERE子句: 
2025-06-16 17:11:11 - DEBUG - 参数: []
2025-06-16 17:11:11 - INFO - 数据库连接成功
2025-06-16 17:11:11 - DEBUG - 构建的WHERE子句: 
2025-06-16 17:11:11 - INFO - 数据库连接成功
2025-06-16 17:11:11 - DEBUG - 构建的WHERE子句: 
2025-06-16 17:11:11 - DEBUG - 参数: []
2025-06-16 17:11:11 - INFO - 图表查询SQL: SELECT * FROM tavi_patients
2025-06-16 17:11:11 - INFO - 查询参数: []
2025-06-16 17:11:11 - DEBUG - 参数: []
2025-06-16 17:11:18 - INFO - 启动TAVI智能分析系统API服务...
2025-06-16 17:12:03 - INFO - 数据库连接成功
2025-06-16 17:12:03 - DEBUG - 构建的WHERE子句: 
2025-06-16 17:12:03 - DEBUG - 参数: []
2025-06-16 17:12:03 - INFO - 数据库连接成功
2025-06-16 17:12:03 - DEBUG - 构建的WHERE子句: 
2025-06-16 17:12:03 - DEBUG - 参数: []
2025-06-16 17:12:03 - INFO - 数据库连接成功
2025-06-16 17:12:03 - DEBUG - 构建的WHERE子句: 
2025-06-16 17:12:03 - DEBUG - 参数: []
2025-06-16 17:12:03 - INFO - 图表查询SQL: SELECT * FROM tavi_patients
2025-06-16 17:12:03 - INFO - 查询参数: []
2025-06-16 17:14:51 - INFO - 启动TAVI智能分析系统API服务...
2025-06-16 17:14:51 - INFO - 启动TAVI智能分析系统API服务...
2025-06-16 17:15:17 - INFO - 数据库连接成功
2025-06-16 17:15:17 - INFO - 数据库连接成功
2025-06-16 17:15:17 - INFO - 图表查询SQL: SELECT * FROM tavi_patients
2025-06-16 17:15:17 - INFO - 查询参数: []
2025-06-16 17:15:17 - INFO - 数据库连接成功
2025-06-16 17:15:24 - INFO - 数据库连接成功
2025-06-16 17:15:24 - INFO - 数据库连接成功
2025-06-16 17:15:24 - INFO - 数据库连接成功
2025-06-16 17:15:24 - INFO - 图表查询SQL: SELECT * FROM tavi_patients
2025-06-16 17:15:24 - INFO - 查询参数: []
2025-06-16 17:17:36 - INFO - 启动TAVI智能分析系统API服务...
2025-06-16 17:17:36 - INFO - 启动TAVI智能分析系统API服务...
2025-06-16 17:18:04 - INFO - 数据库连接成功
2025-06-16 17:18:04 - INFO - 数据库连接成功
2025-06-16 17:18:04 - INFO - 数据库连接成功
2025-06-16 17:18:04 - INFO - 图表查询SQL: SELECT * FROM tavi_patients
2025-06-16 17:18:04 - INFO - 查询参数: []
2025-06-16 17:18:07 - INFO - 数据库连接成功
2025-06-16 17:18:07 - INFO - 数据库连接成功
2025-06-16 17:18:07 - INFO - 数据库连接成功
2025-06-16 17:18:07 - INFO - 图表查询SQL: SELECT * FROM tavi_patients
2025-06-16 17:18:07 - INFO - 查询参数: []
2025-06-16 17:19:41 - INFO - 启动TAVI智能分析系统API服务...
2025-06-16 17:19:42 - INFO - 启动TAVI智能分析系统API服务...
2025-06-16 17:20:06 - INFO - 数据库连接成功
2025-06-16 17:20:06 - INFO - 数据库连接成功
2025-06-16 17:20:06 - INFO - 图表查询SQL: SELECT * FROM tavi_patients
2025-06-16 17:20:06 - INFO - 查询参数: []
2025-06-16 17:20:06 - INFO - 数据库连接成功
2025-06-16 17:20:45 - INFO - 数据库连接成功
2025-06-16 17:20:45 - INFO - 数据库连接成功
2025-06-16 17:20:45 - INFO - 图表查询SQL: SELECT * FROM tavi_patients
2025-06-16 17:20:45 - INFO - 查询参数: []
2025-06-16 17:20:45 - INFO - 数据库连接成功
2025-06-16 17:22:59 - INFO - 启动TAVI智能分析系统API服务...
2025-06-16 17:23:00 - INFO - 启动TAVI智能分析系统API服务...
2025-06-16 17:23:26 - INFO - 数据库连接成功
2025-06-16 17:23:26 - INFO - 数据库连接成功
2025-06-16 17:23:26 - INFO - 图表查询SQL: SELECT * FROM tavi_patients
2025-06-16 17:23:26 - INFO - 查询参数: []
2025-06-16 17:23:26 - INFO - 数据库连接成功
2025-06-16 17:23:29 - INFO - 数据库连接成功
2025-06-16 17:23:30 - INFO - 数据库连接成功
2025-06-16 17:23:30 - INFO - 数据库连接成功
2025-06-16 17:23:30 - INFO - 图表查询SQL: SELECT * FROM tavi_patients WHERE sex IN (%s)
2025-06-16 17:23:30 - INFO - 查询参数: ['Male']
2025-06-16 17:23:41 - INFO - 数据库连接成功
2025-06-16 17:23:41 - INFO - 数据库连接成功
2025-06-16 17:23:41 - INFO - 图表查询SQL: SELECT * FROM tavi_patients
2025-06-16 17:23:41 - INFO - 数据库连接成功
2025-06-16 17:23:41 - INFO - 查询参数: []
2025-06-16 17:23:48 - INFO - 数据库连接成功
2025-06-16 17:23:49 - INFO - 数据库连接成功
2025-06-16 17:23:49 - INFO - 图表查询SQL: SELECT * FROM tavi_patients
2025-06-16 17:23:49 - INFO - 数据库连接成功
2025-06-16 17:23:49 - INFO - 查询参数: []
2025-06-16 17:23:56 - INFO - 数据库连接成功
2025-06-16 17:23:56 - INFO - 图表查询SQL: SELECT * FROM tavi_patients
2025-06-16 17:23:56 - INFO - 查询参数: []
2025-06-16 17:23:57 - INFO - 数据库连接成功
2025-06-16 17:23:57 - INFO - 数据库连接成功
2025-06-16 17:24:04 - INFO - 数据库连接成功
2025-06-16 17:24:04 - INFO - 数据库连接成功
2025-06-16 17:24:04 - INFO - 数据库连接成功
2025-06-16 17:24:04 - INFO - 图表查询SQL: SELECT * FROM tavi_patients
2025-06-16 17:24:04 - INFO - 查询参数: []
2025-06-16 17:26:49 - INFO - 启动TAVI智能分析系统API服务...
2025-06-16 17:26:49 - INFO - 启动TAVI智能分析系统API服务...
2025-06-16 17:27:26 - INFO - 数据库连接成功
2025-06-16 17:27:27 - INFO - 数据库连接成功
2025-06-16 17:27:27 - INFO - 数据库连接成功
2025-06-16 17:27:27 - INFO - 图表查询SQL: SELECT * FROM tavi_patients
2025-06-16 17:27:27 - INFO - 查询参数: []
2025-06-16 17:28:16 - INFO - 数据库连接成功
2025-06-16 17:28:16 - INFO - 数据库连接成功
2025-06-16 17:28:16 - INFO - 数据库连接成功
2025-06-16 17:28:16 - INFO - 图表查询SQL: SELECT * FROM tavi_patients
2025-06-16 17:28:16 - INFO - 查询参数: []
2025-06-16 17:32:46 - INFO - 启动TAVI智能分析系统API服务...
2025-06-16 17:32:46 - INFO - 启动TAVI智能分析系统API服务...
2025-06-16 17:34:09 - INFO - 数据库连接成功
2025-06-16 17:34:09 - INFO - 数据库连接成功
2025-06-16 17:34:09 - INFO - 图表查询SQL: SELECT * FROM tavi_patients
2025-06-16 17:34:09 - INFO - 查询参数: []
2025-06-16 17:34:09 - INFO - 数据库连接成功
2025-06-16 17:34:13 - INFO - 数据库连接成功
2025-06-16 17:34:13 - INFO - 数据库连接成功
2025-06-16 17:34:13 - INFO - 图表查询SQL: SELECT * FROM tavi_patients
2025-06-16 17:34:13 - INFO - 查询参数: []
2025-06-16 17:34:13 - INFO - 数据库连接成功
2025-06-16 17:41:15 - INFO - 数据库连接成功
2025-06-16 17:41:15 - INFO - 数据库连接成功
2025-06-16 17:41:15 - INFO - 数据库连接成功
2025-06-16 17:41:15 - INFO - 图表查询SQL: SELECT * FROM tavi_patients
2025-06-16 17:41:15 - INFO - 查询参数: []
2025-06-17 09:52:36 - INFO - 启动TAVI智能分析系统API服务...
2025-06-17 09:52:37 - INFO - 启动TAVI智能分析系统API服务...
2025-06-17 09:53:04 - INFO - 数据库连接成功
2025-06-17 09:53:04 - INFO - 数据库连接成功
2025-06-17 09:53:04 - INFO - 数据库连接成功
2025-06-17 09:53:04 - INFO - 图表查询SQL: SELECT * FROM tavi_patients
2025-06-17 09:53:04 - INFO - 查询参数: []
2025-06-17 09:53:42 - INFO - 数据库连接成功
2025-06-17 09:53:42 - INFO - 数据库连接成功
2025-06-17 09:53:42 - INFO - 图表查询SQL: SELECT * FROM tavi_patients
2025-06-17 09:53:42 - INFO - 查询参数: []
2025-06-17 09:53:42 - INFO - 数据库连接成功
2025-06-17 09:53:48 - INFO - 数据库连接成功
2025-06-17 09:53:49 - INFO - 数据库连接成功
2025-06-17 09:53:49 - INFO - 图表查询SQL: SELECT * FROM tavi_patients WHERE sex IN (%s)
2025-06-17 09:53:49 - INFO - 查询参数: ['Male']
2025-06-17 09:53:49 - INFO - 数据库连接成功
2025-06-17 09:53:59 - INFO - 数据库连接成功
2025-06-17 09:53:59 - INFO - 图表查询SQL: SELECT * FROM tavi_patients WHERE age >= %s AND age <= %s
2025-06-17 09:53:59 - INFO - 查询参数: [20, 60]
2025-06-17 09:53:59 - INFO - 数据库连接成功
2025-06-17 09:53:59 - INFO - 数据库连接成功
2025-06-17 09:54:23 - INFO - 数据库连接成功
2025-06-17 09:54:23 - INFO - 数据库连接成功
2025-06-17 09:54:23 - INFO - 数据库连接成功
2025-06-17 09:54:23 - INFO - 图表查询SQL: SELECT * FROM tavi_patients
2025-06-17 09:54:23 - INFO - 查询参数: []
2025-06-17 09:54:50 - INFO - 数据库连接成功
2025-06-17 09:54:50 - INFO - 数据库连接成功
2025-06-17 09:54:50 - INFO - 图表查询SQL: SELECT * FROM tavi_patients
2025-06-17 09:54:50 - INFO - 查询参数: []
2025-06-17 09:54:50 - INFO - 数据库连接成功
2025-06-17 09:55:09 - INFO - 数据库连接成功
2025-06-17 09:55:10 - INFO - 数据库连接成功
2025-06-17 09:55:10 - INFO - 数据库连接成功
2025-06-17 09:55:10 - INFO - 图表查询SQL: SELECT * FROM tavi_patients WHERE bmi >= %s AND bmi <= %s
2025-06-17 09:55:10 - INFO - 查询参数: [1, 30]
2025-06-17 09:55:25 - INFO - 数据库连接成功
2025-06-17 09:55:25 - INFO - 数据库连接成功
2025-06-17 09:55:25 - INFO - 图表查询SQL: SELECT * FROM tavi_patients
2025-06-17 09:55:25 - INFO - 查询参数: []
2025-06-17 09:55:25 - INFO - 数据库连接成功
2025-06-17 10:00:16 - INFO - 启动TAVI智能分析系统API服务...
2025-06-17 10:00:16 - INFO - 启动TAVI智能分析系统API服务...
2025-06-17 10:00:43 - INFO - 数据库连接成功
2025-06-17 10:00:43 - INFO - 数据库连接成功
2025-06-17 10:00:43 - INFO - 数据库连接成功
2025-06-17 10:00:43 - INFO - 图表查询SQL: SELECT * FROM tavi_patients
2025-06-17 10:00:43 - INFO - 查询参数: []
2025-06-17 10:00:59 - INFO - 数据库连接成功
2025-06-17 10:01:00 - INFO - 数据库连接成功
2025-06-17 10:01:00 - INFO - 数据库连接成功
2025-06-17 10:01:00 - INFO - 图表查询SQL: SELECT * FROM tavi_patients
2025-06-17 10:01:00 - INFO - 查询参数: []
2025-06-17 10:02:49 - INFO - 数据库连接成功
2025-06-17 10:02:49 - INFO - 数据库连接成功
2025-06-17 10:02:49 - INFO - 数据库连接成功
2025-06-17 10:02:49 - INFO - 图表查询SQL: SELECT * FROM tavi_patients
2025-06-17 10:02:49 - INFO - 查询参数: []
2025-06-17 10:10:38 - INFO - 启动TAVI智能分析系统API服务...
2025-06-17 10:10:38 - INFO - 启动TAVI智能分析系统API服务...
2025-06-17 10:11:09 - INFO - 启动TAVI智能分析系统API服务...
2025-06-17 10:11:10 - INFO - 启动TAVI智能分析系统API服务...
2025-06-17 10:11:37 - INFO - 数据库连接成功
2025-06-17 10:11:37 - INFO - 数据库连接成功
2025-06-17 10:11:37 - INFO - 数据库连接成功
2025-06-17 10:11:37 - INFO - 图表查询SQL: SELECT * FROM tavi_patients
2025-06-17 10:11:37 - INFO - 查询参数: []
2025-06-17 10:11:41 - INFO - 数据库连接成功
2025-06-17 10:11:42 - INFO - 数据库连接成功
2025-06-17 10:11:42 - INFO - 数据库连接成功
2025-06-17 10:11:42 - INFO - 图表查询SQL: SELECT * FROM tavi_patients WHERE sex IN (%s)
2025-06-17 10:11:42 - INFO - 查询参数: ['Male']
2025-06-17 10:11:54 - INFO - 数据库连接成功
2025-06-17 10:11:54 - INFO - 数据库连接成功
2025-06-17 10:11:54 - INFO - 图表查询SQL: SELECT * FROM tavi_patients WHERE atrial_fibrillation = %s
2025-06-17 10:11:54 - INFO - 查询参数: [True]
2025-06-17 10:11:54 - INFO - 数据库连接成功
2025-06-17 10:12:02 - INFO - 数据库连接成功
2025-06-17 10:12:02 - INFO - 数据库连接成功
2025-06-17 10:12:02 - INFO - 数据库连接成功
2025-06-17 10:12:02 - INFO - 图表查询SQL: SELECT * FROM tavi_patients
2025-06-17 10:12:02 - INFO - 查询参数: []
2025-06-17 10:12:18 - INFO - 数据库连接成功
2025-06-17 10:12:18 - INFO - 数据库连接成功
2025-06-17 10:12:18 - INFO - 图表查询SQL: SELECT * FROM tavi_patients
2025-06-17 10:12:18 - INFO - 查询参数: []
2025-06-17 10:12:19 - INFO - 数据库连接成功
2025-06-17 10:12:32 - INFO - 数据库连接成功
2025-06-17 10:12:32 - INFO - 数据库连接成功
2025-06-17 10:12:32 - INFO - 图表查询SQL: SELECT * FROM tavi_patients WHERE thv_brand LIKE %s
2025-06-17 10:12:32 - INFO - 查询参数: ['%Edwards%']
2025-06-17 10:12:32 - INFO - 数据库连接成功
2025-06-17 10:12:48 - INFO - 数据库连接成功
2025-06-17 10:12:49 - INFO - 数据库连接成功
2025-06-17 10:12:49 - INFO - 图表查询SQL: SELECT * FROM tavi_patients WHERE thv_brand LIKE %s
2025-06-17 10:12:49 - INFO - 查询参数: ['%Evolut%']
2025-06-17 10:12:49 - INFO - 数据库连接成功
2025-06-17 10:12:54 - INFO - 数据库连接成功
2025-06-17 10:13:01 - INFO - 数据库连接成功
2025-06-17 10:13:01 - INFO - 数据库连接成功
2025-06-17 10:13:01 - INFO - 数据库连接成功
2025-06-17 10:13:01 - INFO - 图表查询SQL: SELECT * FROM tavi_patients WHERE thv_brand LIKE %s
2025-06-17 10:13:01 - INFO - 查询参数: ['%Edwards%']
2025-06-17 10:13:04 - INFO - 数据库连接成功
2025-06-17 10:13:12 - INFO - 数据库连接成功
2025-06-17 10:16:36 - INFO - 数据库连接成功
2025-06-17 10:16:36 - INFO - 数据库连接成功
2025-06-17 10:16:36 - INFO - 图表查询SQL: SELECT * FROM tavi_patients WHERE thv_brand LIKE %s
2025-06-17 10:16:36 - INFO - 数据库连接成功
2025-06-17 10:16:36 - INFO - 查询参数: ['%Edwards%']
2025-06-17 10:36:45 - INFO - 数据库连接成功
2025-06-17 10:36:46 - INFO - 数据库连接成功
2025-06-17 10:36:46 - INFO - 数据库连接成功
2025-06-17 10:36:46 - INFO - 图表查询SQL: SELECT * FROM tavi_patients WHERE thv_brand LIKE %s
2025-06-17 10:36:46 - INFO - 查询参数: ['%Edwards%']
2025-06-17 10:36:53 - INFO - 数据库连接成功
2025-06-17 10:36:53 - INFO - 数据库连接成功
2025-06-17 10:36:53 - INFO - 数据库连接成功
2025-06-17 10:36:53 - INFO - 图表查询SQL: SELECT * FROM tavi_patients WHERE thv_brand LIKE %s
2025-06-17 10:36:53 - INFO - 查询参数: ['%Edwards%']
2025-06-17 10:37:02 - INFO - 数据库连接成功
2025-06-17 10:37:02 - INFO - 数据库连接成功
2025-06-17 10:37:02 - INFO - 图表查询SQL: SELECT * FROM tavi_patients
2025-06-17 10:37:02 - INFO - 数据库连接成功
2025-06-17 10:37:02 - INFO - 查询参数: []
2025-06-17 10:37:07 - INFO - 数据库连接成功
2025-06-17 10:37:07 - INFO - 数据库连接成功
2025-06-17 10:37:07 - INFO - 数据库连接成功
2025-06-17 10:37:07 - INFO - 图表查询SQL: SELECT * FROM tavi_patients
2025-06-17 10:37:07 - INFO - 查询参数: []
2025-06-17 10:37:38 - INFO - 数据库连接成功
2025-06-17 10:37:38 - INFO - 数据库连接成功
2025-06-17 10:37:38 - INFO - 数据库连接成功
2025-06-17 10:37:38 - INFO - 图表查询SQL: SELECT * FROM tavi_patients WHERE atrial_fibrillation = %s
2025-06-17 10:37:38 - INFO - 查询参数: [True]
2025-06-17 10:38:01 - INFO - 数据库连接成功
2025-06-17 10:38:01 - INFO - 数据库连接成功
2025-06-17 10:38:01 - INFO - 图表查询SQL: SELECT * FROM tavi_patients WHERE pci_history = %s
2025-06-17 10:38:01 - INFO - 查询参数: [True]
2025-06-17 10:38:01 - INFO - 数据库连接成功
2025-06-17 10:38:06 - INFO - 数据库连接成功
2025-06-17 10:38:07 - INFO - 数据库连接成功
2025-06-17 10:38:07 - INFO - 图表查询SQL: SELECT * FROM tavi_patients WHERE pci_history = %s AND cabg_history = %s
2025-06-17 10:38:07 - INFO - 查询参数: [True, True]
2025-06-17 10:38:07 - INFO - 数据库连接成功
2025-06-17 10:41:04 - INFO - 数据库连接成功
2025-06-17 10:41:04 - INFO - 数据库连接成功
2025-06-17 10:41:04 - INFO - 数据库连接成功
2025-06-17 10:41:04 - INFO - 图表查询SQL: SELECT * FROM tavi_patients WHERE copd = %s
2025-06-17 10:41:04 - INFO - 查询参数: [True]
2025-06-17 10:41:10 - INFO - 数据库连接成功
2025-06-17 10:41:10 - INFO - 数据库连接成功
2025-06-17 10:41:10 - INFO - 数据库连接成功
2025-06-17 10:41:10 - INFO - 图表查询SQL: SELECT * FROM tavi_patients WHERE copd = %s AND acei_arb = %s
2025-06-17 10:41:10 - INFO - 查询参数: [True, True]
2025-06-17 10:41:17 - INFO - 数据库连接成功
2025-06-17 10:41:17 - INFO - 数据库连接成功
2025-06-17 10:41:17 - INFO - 数据库连接成功
2025-06-17 10:41:17 - INFO - 图表查询SQL: SELECT * FROM tavi_patients
2025-06-17 10:41:17 - INFO - 查询参数: []
2025-06-17 10:41:40 - INFO - 数据库连接成功
2025-06-17 10:41:40 - INFO - 数据库连接成功
2025-06-17 10:41:40 - INFO - 数据库连接成功
2025-06-17 10:41:40 - INFO - 图表查询SQL: SELECT * FROM tavi_patients
2025-06-17 10:41:40 - INFO - 查询参数: []
2025-06-17 10:41:51 - INFO - 数据库连接成功
2025-06-17 10:41:51 - INFO - 图表查询SQL: SELECT * FROM tavi_patients
2025-06-17 10:41:51 - INFO - 查询参数: []
2025-06-17 10:41:51 - INFO - 数据库连接成功
2025-06-17 10:41:51 - INFO - 数据库连接成功
2025-06-17 10:48:44 - INFO - 启动TAVI智能分析系统API服务...
2025-06-17 10:48:45 - INFO - 启动TAVI智能分析系统API服务...
2025-06-17 10:49:10 - INFO - 数据库连接成功
2025-06-17 10:49:10 - INFO - 数据库连接成功
2025-06-17 10:49:10 - INFO - 图表查询SQL: SELECT * FROM tavi_patients
2025-06-17 10:49:10 - INFO - 查询参数: []
2025-06-17 10:49:10 - INFO - 数据库连接成功
2025-06-17 10:49:19 - INFO - 数据库连接成功
2025-06-17 10:49:19 - INFO - 数据库连接成功
2025-06-17 10:49:19 - INFO - 数据库连接成功
2025-06-17 10:49:19 - INFO - 图表查询SQL: SELECT * FROM tavi_patients
2025-06-17 10:49:19 - INFO - 查询参数: []
2025-06-17 10:49:38 - INFO - 数据库连接成功
2025-06-17 10:49:38 - INFO - 数据库连接成功
2025-06-17 10:49:38 - INFO - 图表查询SQL: SELECT * FROM tavi_patients WHERE annular_area <= %s
2025-06-17 10:49:38 - INFO - 查询参数: [55]
2025-06-17 10:49:38 - INFO - 数据库连接成功
2025-06-17 10:49:54 - INFO - 数据库连接成功
2025-06-17 10:49:55 - INFO - 数据库连接成功
2025-06-17 10:49:55 - INFO - 图表查询SQL: SELECT * FROM tavi_patients WHERE moderate_severe_ar = %s
2025-06-17 10:49:55 - INFO - 查询参数: [True]
2025-06-17 10:49:55 - INFO - 数据库连接成功
2025-06-17 10:53:09 - INFO - 数据库连接成功
2025-06-17 10:53:09 - INFO - 数据库连接成功
2025-06-17 10:53:09 - INFO - 数据库连接成功
2025-06-17 10:53:09 - INFO - 图表查询SQL: SELECT * FROM tavi_patients
2025-06-17 10:53:09 - INFO - 查询参数: []
2025-06-17 10:53:16 - INFO - 数据库连接成功
2025-06-17 10:53:16 - INFO - 数据库连接成功
2025-06-17 10:53:16 - INFO - 图表查询SQL: SELECT * FROM tavi_patients WHERE death_before_discharge = %s
2025-06-17 10:53:16 - INFO - 查询参数: [True]
2025-06-17 10:53:16 - INFO - 数据库连接成功
2025-06-17 10:53:22 - INFO - 数据库连接成功
2025-06-17 10:53:22 - INFO - 图表查询SQL: SELECT * FROM tavi_patients WHERE mortality_30d = %s
2025-06-17 10:53:22 - INFO - 查询参数: [True]
2025-06-17 10:53:22 - INFO - 数据库连接成功
2025-06-17 10:53:22 - INFO - 数据库连接成功
2025-06-17 10:53:26 - INFO - 数据库连接成功
2025-06-17 10:53:26 - INFO - 数据库连接成功
2025-06-17 10:53:26 - INFO - 数据库连接成功
2025-06-17 10:53:26 - INFO - 图表查询SQL: SELECT * FROM tavi_patients
2025-06-17 10:53:26 - INFO - 查询参数: []
2025-06-17 10:53:31 - INFO - 数据库连接成功
2025-06-17 10:53:31 - INFO - 数据库连接成功
2025-06-17 10:53:31 - INFO - 图表查询SQL: SELECT * FROM tavi_patients
2025-06-17 10:53:31 - INFO - 数据库连接成功
2025-06-17 10:53:31 - INFO - 查询参数: []
2025-06-17 10:53:38 - INFO - 数据库连接成功
2025-06-17 10:53:38 - INFO - 数据库连接成功
2025-06-17 10:53:38 - INFO - 数据库连接成功
2025-06-17 10:53:38 - INFO - 图表查询SQL: SELECT * FROM tavi_patients WHERE thv_brand LIKE %s
2025-06-17 10:53:38 - INFO - 查询参数: ['%Edwards%']
2025-06-17 10:53:46 - INFO - 数据库连接成功
2025-06-17 10:53:46 - INFO - 数据库连接成功
2025-06-17 10:53:46 - INFO - 图表查询SQL: SELECT * FROM tavi_patients
2025-06-17 10:53:46 - INFO - 查询参数: []
2025-06-17 10:53:46 - INFO - 数据库连接成功
2025-06-17 10:56:14 - INFO - 启动TAVI智能分析系统API服务...
2025-06-17 10:56:14 - INFO - 启动TAVI智能分析系统API服务...
2025-06-17 10:56:42 - INFO - 数据库连接成功
2025-06-17 10:56:42 - INFO - 数据库连接成功
2025-06-17 10:56:42 - INFO - 图表查询SQL: SELECT * FROM tavi_patients
2025-06-17 10:56:42 - INFO - 数据库连接成功
2025-06-17 10:56:42 - INFO - 查询参数: []
2025-06-17 10:56:46 - INFO - 数据库连接成功
2025-06-17 10:56:46 - INFO - 数据库连接成功
2025-06-17 10:56:46 - INFO - 数据库连接成功
2025-06-17 10:56:46 - INFO - 图表查询SQL: SELECT * FROM tavi_patients
2025-06-17 10:56:46 - INFO - 查询参数: []
2025-06-17 10:56:52 - INFO - 数据库连接成功
2025-06-17 10:56:52 - INFO - 数据库连接成功
2025-06-17 10:56:52 - INFO - 数据库连接成功
2025-06-17 10:56:52 - INFO - 图表查询SQL: SELECT * FROM tavi_patients
2025-06-17 10:56:52 - INFO - 查询参数: []
2025-06-17 10:56:59 - INFO - 数据库连接成功
2025-06-17 10:56:59 - INFO - 数据库连接成功
2025-06-17 10:56:59 - INFO - 数据库连接成功
2025-06-17 10:56:59 - INFO - 图表查询SQL: SELECT * FROM tavi_patients WHERE mean_pg_gte_20 = %s
2025-06-17 10:56:59 - INFO - 查询参数: [True]
2025-06-17 10:57:06 - INFO - 数据库连接成功
2025-06-17 10:57:06 - INFO - 图表查询SQL: SELECT * FROM tavi_patients WHERE mean_pg_gte_20 = %s AND periprocedural_death = %s
2025-06-17 10:57:06 - INFO - 查询参数: [True, True]
2025-06-17 10:57:06 - INFO - 数据库连接成功
2025-06-17 10:57:06 - INFO - 数据库连接成功
2025-06-17 10:57:15 - INFO - 数据库连接成功
2025-06-17 10:57:15 - INFO - 数据库连接成功
2025-06-17 10:57:15 - INFO - 数据库连接成功
2025-06-17 10:57:15 - INFO - 图表查询SQL: SELECT * FROM tavi_patients WHERE periprocedural_death = %s
2025-06-17 10:57:15 - INFO - 查询参数: [True]
2025-06-17 10:57:24 - INFO - 数据库连接成功
2025-06-17 10:57:24 - INFO - 数据库连接成功
2025-06-17 10:57:24 - INFO - 数据库连接成功
2025-06-17 10:57:24 - INFO - 图表查询SQL: SELECT * FROM tavi_patients WHERE conversion_to_savr = %s
2025-06-17 10:57:24 - INFO - 查询参数: [True]
2025-06-17 10:58:10 - INFO - 数据库连接成功
2025-06-17 10:58:10 - INFO - 数据库连接成功
2025-06-17 10:58:10 - INFO - 图表查询SQL: SELECT * FROM tavi_patients
2025-06-17 10:58:10 - INFO - 查询参数: []
2025-06-17 10:58:10 - INFO - 数据库连接成功
2025-06-17 10:58:19 - INFO - 数据库连接成功
2025-06-17 10:58:19 - INFO - 数据库连接成功
2025-06-17 10:58:19 - INFO - 数据库连接成功
2025-06-17 10:58:19 - INFO - 图表查询SQL: SELECT * FROM tavi_patients
2025-06-17 10:58:19 - INFO - 查询参数: []
2025-06-17 10:58:26 - INFO - 数据库连接成功
2025-06-17 10:58:26 - INFO - 数据库连接成功
2025-06-17 10:58:26 - INFO - 图表查询SQL: SELECT * FROM tavi_patients WHERE stroke_before_discharge = %s
2025-06-17 10:58:26 - INFO - 查询参数: [True]
2025-06-17 10:58:26 - INFO - 数据库连接成功
2025-06-17 10:58:32 - INFO - 数据库连接成功
2025-06-17 10:58:32 - INFO - 数据库连接成功
2025-06-17 10:58:32 - INFO - 数据库连接成功
2025-06-17 10:58:32 - INFO - 图表查询SQL: SELECT * FROM tavi_patients WHERE heart_failure = %s
2025-06-17 10:58:32 - INFO - 查询参数: [True]
2025-06-17 10:58:37 - INFO - 数据库连接成功
2025-06-17 10:58:37 - INFO - 数据库连接成功
2025-06-17 10:58:37 - INFO - 图表查询SQL: SELECT * FROM tavi_patients
2025-06-17 10:58:37 - INFO - 查询参数: []
2025-06-17 10:58:37 - INFO - 数据库连接成功
2025-06-17 10:59:41 - INFO - 数据库连接成功
2025-06-17 10:59:41 - INFO - 数据库连接成功
2025-06-17 10:59:41 - INFO - 图表查询SQL: SELECT * FROM tavi_patients WHERE thv_type = %s
2025-06-17 10:59:41 - INFO - 查询参数: ['球囊扩张式']
2025-06-17 10:59:41 - INFO - 数据库连接成功
2025-06-17 10:59:51 - INFO - 数据库连接成功
2025-06-17 10:59:51 - INFO - 数据库连接成功
2025-06-17 10:59:51 - INFO - 数据库连接成功
2025-06-17 10:59:51 - INFO - 图表查询SQL: SELECT * FROM tavi_patients WHERE thv_type = %s
2025-06-17 10:59:51 - INFO - 查询参数: ['自膨胀式']
2025-06-17 11:03:03 - INFO - 启动TAVI智能分析系统API服务...
2025-06-17 11:03:03 - INFO - 启动TAVI智能分析系统API服务...
2025-06-17 11:03:28 - INFO - 数据库连接成功
2025-06-17 11:03:28 - INFO - 数据库连接成功
2025-06-17 11:03:28 - INFO - 图表查询SQL: SELECT * FROM tavi_patients
2025-06-17 11:03:28 - INFO - 查询参数: []
2025-06-17 11:03:28 - INFO - 数据库连接成功
2025-06-17 11:03:32 - INFO - 数据库连接成功
2025-06-17 11:03:32 - INFO - 数据库连接成功
2025-06-17 11:03:32 - INFO - 图表查询SQL: SELECT * FROM tavi_patients WHERE transapical_access = %s
2025-06-17 11:03:32 - INFO - 查询参数: [True]
2025-06-17 11:03:32 - INFO - 数据库连接成功
2025-06-17 11:03:37 - INFO - 数据库连接成功
2025-06-17 11:03:37 - INFO - 数据库连接成功
2025-06-17 11:03:37 - INFO - 数据库连接成功
2025-06-17 11:03:37 - INFO - 图表查询SQL: SELECT * FROM tavi_patients WHERE transfemoral_access = %s
2025-06-17 11:03:37 - INFO - 查询参数: [True]
2025-06-17 11:03:42 - INFO - 数据库连接成功
2025-06-17 11:03:42 - INFO - 数据库连接成功
2025-06-17 11:03:42 - INFO - 图表查询SQL: SELECT * FROM tavi_patients WHERE other_access IS NOT NULL
2025-06-17 11:03:42 - INFO - 查询参数: []
2025-06-17 11:03:42 - INFO - 数据库连接成功
2025-06-17 11:03:50 - INFO - 数据库连接成功
2025-06-17 11:03:50 - INFO - 数据库连接成功
2025-06-17 11:03:50 - INFO - 图表查询SQL: SELECT * FROM tavi_patients WHERE thv_type = %s
2025-06-17 11:03:50 - INFO - 查询参数: ['Balloon-expandable']
2025-06-17 11:03:51 - INFO - 数据库连接成功
2025-06-17 11:03:55 - INFO - 数据库连接成功
2025-06-17 11:03:56 - INFO - 数据库连接成功
2025-06-17 11:03:56 - INFO - 图表查询SQL: SELECT * FROM tavi_patients WHERE thv_type = %s
2025-06-17 11:03:56 - INFO - 查询参数: ['Self-expandable']
2025-06-17 11:03:56 - INFO - 数据库连接成功
2025-06-17 11:04:13 - INFO - 数据库连接成功
2025-06-17 11:04:13 - INFO - 数据库连接成功
2025-06-17 11:04:13 - INFO - 数据库连接成功
2025-06-17 11:04:13 - INFO - 图表查询SQL: SELECT * FROM tavi_patients WHERE immediate_mean_pg <= %s
2025-06-17 11:04:13 - INFO - 查询参数: [100]
2025-06-17 11:04:19 - INFO - 数据库连接成功
2025-06-17 11:04:19 - INFO - 数据库连接成功
2025-06-17 11:04:19 - INFO - 图表查询SQL: SELECT * FROM tavi_patients WHERE immediate_mean_pg <= %s
2025-06-17 11:04:19 - INFO - 查询参数: [30]
2025-06-17 11:04:19 - INFO - 数据库连接成功
2025-06-17 11:04:25 - INFO - 数据库连接成功
2025-06-17 11:04:25 - INFO - 数据库连接成功
2025-06-17 11:04:25 - INFO - 图表查询SQL: SELECT * FROM tavi_patients WHERE immediate_mean_pg >= %s AND immediate_mean_pg <= %s
2025-06-17 11:04:25 - INFO - 查询参数: [25, 30]
2025-06-17 11:04:25 - INFO - 数据库连接成功
2025-06-17 11:04:35 - INFO - 数据库连接成功
2025-06-17 11:04:35 - INFO - 数据库连接成功
2025-06-17 11:04:35 - INFO - 图表查询SQL: SELECT * FROM tavi_patients WHERE mean_pg_gte_20 = %s
2025-06-17 11:04:35 - INFO - 查询参数: [True]
2025-06-17 11:04:35 - INFO - 数据库连接成功
2025-06-17 11:04:53 - INFO - 数据库连接成功
2025-06-17 11:04:53 - INFO - 数据库连接成功
2025-06-17 11:04:53 - INFO - 数据库连接成功
2025-06-17 11:04:53 - INFO - 图表查询SQL: SELECT * FROM tavi_patients WHERE immediate_pvl_occurred = %s
2025-06-17 11:04:54 - INFO - 查询参数: [True]
2025-06-17 11:05:09 - INFO - 数据库连接成功
2025-06-17 11:05:09 - INFO - 数据库连接成功
2025-06-17 11:05:09 - INFO - 数据库连接成功
2025-06-17 11:05:09 - INFO - 图表查询SQL: SELECT * FROM tavi_patients
2025-06-17 11:05:09 - INFO - 查询参数: []
2025-06-17 11:05:22 - INFO - 数据库连接成功
2025-06-17 11:05:22 - INFO - 数据库连接成功
2025-06-17 11:05:22 - INFO - 图表查询SQL: SELECT * FROM tavi_patients
2025-06-17 11:05:22 - INFO - 查询参数: []
2025-06-17 11:05:22 - INFO - 数据库连接成功
2025-06-17 11:09:14 - INFO - 启动TAVI智能分析系统API服务...
2025-06-17 11:09:15 - INFO - 启动TAVI智能分析系统API服务...
2025-06-17 11:09:40 - INFO - 数据库连接成功
2025-06-17 11:09:40 - INFO - 数据库连接成功
2025-06-17 11:09:40 - INFO - 图表查询SQL: SELECT * FROM tavi_patients
2025-06-17 11:09:40 - INFO - 查询参数: []
2025-06-17 11:09:40 - INFO - 数据库连接成功
2025-06-17 11:09:45 - INFO - 数据库连接成功
2025-06-17 11:09:46 - INFO - 数据库连接成功
2025-06-17 11:09:46 - INFO - 图表查询SQL: SELECT * FROM tavi_patients WHERE sex IN (%s)
2025-06-17 11:09:46 - INFO - 查询参数: ['Male']
2025-06-17 11:09:46 - INFO - 数据库连接成功
2025-06-17 11:09:51 - INFO - 数据库连接成功
2025-06-17 11:09:51 - INFO - 数据库连接成功
2025-06-17 11:09:51 - INFO - 图表查询SQL: SELECT * FROM tavi_patients WHERE sex IN (%s) AND atrial_fibrillation = %s
2025-06-17 11:09:51 - INFO - 查询参数: ['Male', True]
2025-06-17 11:09:51 - INFO - 数据库连接成功
2025-06-17 11:09:59 - INFO - 数据库连接成功
2025-06-17 11:10:00 - INFO - 数据库连接成功
2025-06-17 11:10:00 - INFO - 数据库连接成功
2025-06-17 11:10:00 - INFO - 图表查询SQL: SELECT * FROM tavi_patients WHERE bmi <= %s
2025-06-17 11:10:00 - INFO - 查询参数: [15]
2025-06-17 11:10:13 - INFO - 数据库连接成功
2025-06-17 11:10:13 - INFO - 数据库连接成功
2025-06-17 11:10:13 - INFO - 图表查询SQL: SELECT * FROM tavi_patients WHERE lvef >= %s AND lvef <= %s
2025-06-17 11:10:13 - INFO - 查询参数: [30, 50]
2025-06-17 11:10:13 - INFO - 数据库连接成功
2025-06-17 11:10:30 - INFO - 数据库连接成功
2025-06-17 11:10:30 - INFO - 数据库连接成功
2025-06-17 11:10:30 - INFO - 图表查询SQL: SELECT * FROM tavi_patients WHERE aortic_valve_mean_pg >= %s AND aortic_valve_mean_pg <= %s
2025-06-17 11:10:30 - INFO - 查询参数: [20, 40]
2025-06-17 11:10:30 - INFO - 数据库连接成功
2025-06-17 11:10:44 - INFO - 数据库连接成功
2025-06-17 11:10:44 - INFO - 数据库连接成功
2025-06-17 11:10:44 - INFO - 数据库连接成功
2025-06-17 11:10:44 - INFO - 图表查询SQL: SELECT * FROM tavi_patients WHERE moderate_severe_mr = %s
2025-06-17 11:10:44 - INFO - 查询参数: [True]
2025-06-17 11:13:18 - INFO - 数据库连接成功
2025-06-17 11:13:18 - INFO - 图表查询SQL: SELECT * FROM tavi_patients WHERE moderate_severe_mr = %s
2025-06-17 11:13:18 - INFO - 查询参数: [True]
2025-06-17 11:15:03 - INFO - 启动TAVI智能分析系统API服务...
2025-06-17 11:15:04 - INFO - 启动TAVI智能分析系统API服务...
2025-06-17 11:15:28 - INFO - 数据库连接成功
2025-06-17 11:15:28 - INFO - 数据库连接成功
2025-06-17 11:15:28 - INFO - 数据库连接成功
2025-06-17 11:15:28 - INFO - 图表查询SQL: SELECT * FROM tavi_patients
2025-06-17 11:15:28 - INFO - 查询参数: []
2025-06-17 11:16:08 - INFO - 数据库连接成功
2025-06-17 11:16:08 - INFO - 数据库连接成功
2025-06-17 11:16:08 - INFO - 图表查询SQL: SELECT * FROM tavi_patients
2025-06-17 11:16:08 - INFO - 查询参数: []
2025-06-17 11:16:08 - INFO - 数据库连接成功
2025-06-17 11:16:16 - INFO - 数据库连接成功
2025-06-17 11:16:16 - INFO - 数据库连接成功
2025-06-17 11:16:16 - INFO - 图表查询SQL: SELECT * FROM tavi_patients WHERE atrial_fibrillation = %s
2025-06-17 11:16:16 - INFO - 查询参数: [True]
2025-06-17 11:16:16 - INFO - 数据库连接成功
2025-06-17 11:16:21 - INFO - 数据库连接成功
2025-06-17 11:16:21 - INFO - 数据库连接成功
2025-06-17 11:16:21 - INFO - 数据库连接成功
2025-06-17 11:16:21 - INFO - 图表查询SQL: SELECT * FROM tavi_patients
2025-06-17 11:16:21 - INFO - 查询参数: []
2025-06-17 11:19:34 - INFO - 启动TAVI智能分析系统API服务...
2025-06-17 11:19:35 - INFO - 启动TAVI智能分析系统API服务...
2025-06-17 11:19:46 - INFO - 数据库连接成功
2025-06-17 11:19:46 - INFO - 数据库连接成功
2025-06-17 11:19:46 - INFO - 数据库连接成功
2025-06-17 11:19:46 - INFO - 图表查询SQL: SELECT * FROM tavi_patients
2025-06-17 11:19:46 - INFO - 查询参数: []
2025-06-17 11:19:57 - INFO - 数据库连接成功
2025-06-17 11:19:57 - INFO - 数据库连接成功
2025-06-17 11:19:57 - INFO - 数据库连接成功
2025-06-17 11:19:57 - INFO - 图表查询SQL: SELECT * FROM tavi_patients WHERE nyha_classification IN (%s,%s)
2025-06-17 11:19:57 - INFO - 查询参数: ['II', 'III']
2025-06-17 11:22:31 - INFO - 启动TAVI智能分析系统API服务...
2025-06-17 11:22:32 - INFO - 启动TAVI智能分析系统API服务...
2025-06-17 11:22:59 - INFO - 数据库连接成功
2025-06-17 11:22:59 - INFO - 数据库连接成功
2025-06-17 11:22:59 - INFO - 图表查询SQL: SELECT * FROM tavi_patients
2025-06-17 11:22:59 - INFO - 数据库连接成功
2025-06-17 11:22:59 - INFO - 查询参数: []
2025-06-17 11:23:03 - INFO - 数据库连接成功
2025-06-17 11:23:03 - INFO - 数据库连接成功
2025-06-17 11:23:03 - INFO - 图表查询SQL: SELECT * FROM tavi_patients WHERE nyha_classification IN (%s,%s)
2025-06-17 11:23:03 - INFO - 查询参数: ['II', 'III']
2025-06-17 11:23:03 - INFO - 数据库连接成功
2025-06-17 11:23:05 - INFO - 数据库连接成功
2025-06-17 11:23:05 - INFO - 图表查询SQL: SELECT * FROM tavi_patients
2025-06-17 11:23:05 - INFO - 查询参数: []
2025-06-17 11:23:05 - INFO - 数据库连接成功
2025-06-17 11:23:05 - INFO - 数据库连接成功
2025-06-17 11:23:13 - INFO - 数据库连接成功
2025-06-17 11:23:13 - INFO - 数据库连接成功
2025-06-17 11:23:13 - INFO - 数据库连接成功
2025-06-17 11:23:13 - INFO - 图表查询SQL: SELECT * FROM tavi_patients WHERE pacemaker_implantation = %s
2025-06-17 11:23:13 - INFO - 查询参数: [True]
2025-06-17 11:23:30 - INFO - 数据库连接成功
2025-06-17 11:23:30 - INFO - 数据库连接成功
2025-06-17 11:23:30 - INFO - 图表查询SQL: SELECT * FROM tavi_patients WHERE sex IN (%s) AND nyha_classification IN (%s,%s) AND thv_brand LIKE %s
2025-06-17 11:23:30 - INFO - 查询参数: ['Male', 'II', 'III', '%Edwards%']
2025-06-17 11:23:30 - INFO - 数据库连接成功
2025-06-17 11:23:50 - INFO - 数据库连接成功
2025-06-17 11:23:50 - INFO - 数据库连接成功
2025-06-17 11:23:50 - INFO - 数据库连接成功
2025-06-17 11:23:50 - INFO - 图表查询SQL: SELECT * FROM tavi_patients
2025-06-17 11:23:50 - INFO - 查询参数: []
2025-06-17 11:28:20 - INFO - 启动TAVI智能分析系统API服务...
2025-06-17 11:28:20 - INFO - 启动TAVI智能分析系统API服务...
2025-06-17 11:28:24 - INFO - 数据库连接成功
2025-06-17 11:28:24 - INFO - 数据库连接成功
2025-06-17 11:28:24 - INFO - 数据库连接成功
2025-06-17 11:28:24 - INFO - 图表查询SQL: SELECT * FROM tavi_patients
2025-06-17 11:28:24 - INFO - 查询参数: []
2025-06-17 11:32:21 - INFO - 启动TAVI智能分析系统API服务...
2025-06-17 11:32:22 - INFO - 启动TAVI智能分析系统API服务...
2025-06-17 11:32:26 - INFO - 数据库连接成功
2025-06-17 11:32:26 - INFO - 数据库连接成功
2025-06-17 11:32:26 - INFO - 数据库连接成功
2025-06-17 11:32:26 - INFO - 图表查询SQL: SELECT * FROM tavi_patients
2025-06-17 11:32:26 - INFO - 查询参数: []
2025-06-17 11:34:30 - INFO - 数据库连接成功
2025-06-17 11:34:30 - INFO - 数据库连接成功
2025-06-17 11:34:30 - INFO - 图表查询SQL: SELECT * FROM tavi_patients
2025-06-17 11:34:30 - INFO - 查询参数: []
2025-06-17 11:34:30 - INFO - 数据库连接成功
2025-06-17 11:50:24 - INFO - 启动TAVI智能分析系统API服务...
2025-06-17 11:50:24 - INFO - 启动TAVI智能分析系统API服务...
2025-06-17 11:50:37 - INFO - 启动TAVI智能分析系统API服务...
2025-06-17 11:50:38 - INFO - 启动TAVI智能分析系统API服务...
2025-06-17 11:50:53 - INFO - 数据库连接成功
2025-06-17 11:50:53 - INFO - 数据库连接成功
2025-06-17 11:50:53 - INFO - 数据库连接成功
2025-06-17 11:50:53 - INFO - 图表查询SQL: SELECT * FROM tavi_patients
2025-06-17 11:50:53 - INFO - 查询参数: []
2025-06-17 11:55:08 - INFO - 启动TAVI智能分析系统API服务...
2025-06-17 11:55:08 - INFO - 启动TAVI智能分析系统API服务...
2025-06-17 11:55:30 - INFO - 启动TAVI智能分析系统API服务...
2025-06-17 11:55:31 - INFO - 启动TAVI智能分析系统API服务...
2025-06-17 11:55:50 - INFO - 启动TAVI智能分析系统API服务...
2025-06-17 11:55:50 - INFO - 启动TAVI智能分析系统API服务...
2025-06-17 11:56:14 - INFO - 启动TAVI智能分析系统API服务...
2025-06-17 11:56:15 - INFO - 启动TAVI智能分析系统API服务...
2025-06-17 11:57:50 - INFO - 启动TAVI智能分析系统API服务...
2025-06-17 11:57:51 - INFO - 启动TAVI智能分析系统API服务...
2025-06-17 11:58:25 - INFO - 数据库连接成功
2025-06-17 11:58:25 - INFO - 图表查询SQL: SELECT * FROM tavi_patients
2025-06-17 11:58:25 - INFO - 查询参数: []
2025-06-17 11:58:25 - INFO - 收到数据请求 - 筛选条件: {}
2025-06-17 11:58:25 - INFO - 页码: 1, 每页大小: 20
2025-06-17 11:58:25 - INFO - 数据库连接成功
2025-06-17 11:58:25 - INFO - 数据库连接成功
2025-06-17 11:58:25 - INFO - 查询成功，返回 20 条记录
2025-06-17 11:58:56 - INFO - 数据库连接成功
2025-06-17 11:58:56 - INFO - 添加瓣环钙化最大值筛选: 600
2025-06-17 11:58:56 - INFO - 收到数据请求 - 筛选条件: {'annular_calcification_min': 0, 'annular_calcification_max': 600}
2025-06-17 11:58:56 - INFO - 页码: 1, 每页大小: 20
2025-06-17 11:58:56 - INFO - 瓣环钙化筛选条件: min=0, max=600
2025-06-17 11:58:56 - INFO - 数据库连接成功
2025-06-17 11:58:56 - INFO - 添加瓣环钙化最大值筛选: 600
2025-06-17 11:58:56 - INFO - 数据库连接成功
2025-06-17 11:58:56 - INFO - 添加瓣环钙化最大值筛选: 600
2025-06-17 11:58:56 - INFO - 图表查询SQL: SELECT * FROM tavi_patients WHERE annular_calcification <= %s
2025-06-17 11:58:56 - INFO - 查询参数: [600]
2025-06-17 11:58:56 - INFO - 查询成功，返回 4 条记录
2025-06-17 11:59:16 - INFO - 数据库连接成功
2025-06-17 11:59:16 - INFO - 添加瓣环上钙化最小值筛选: 50
2025-06-17 11:59:16 - INFO - 添加瓣环上钙化最大值筛选: 1000
2025-06-17 11:59:16 - INFO - 图表查询SQL: SELECT * FROM tavi_patients WHERE supraannular_calcification >= %s AND supraannular_calcification <= %s
2025-06-17 11:59:16 - INFO - 查询参数: [50, 1000]
2025-06-17 11:59:16 - INFO - 收到数据请求 - 筛选条件: {'supraannular_calcification_min': 50, 'supraannular_calcification_max': 1000}
2025-06-17 11:59:16 - INFO - 数据库连接成功
2025-06-17 11:59:16 - INFO - 添加瓣环上钙化最小值筛选: 50
2025-06-17 11:59:16 - INFO - 添加瓣环上钙化最大值筛选: 1000
2025-06-17 11:59:16 - INFO - 页码: 1, 每页大小: 20
2025-06-17 11:59:16 - INFO - 瓣环上钙化筛选条件: min=50, max=1000
2025-06-17 11:59:16 - INFO - 数据库连接成功
2025-06-17 11:59:16 - INFO - 添加瓣环上钙化最小值筛选: 50
2025-06-17 11:59:16 - INFO - 添加瓣环上钙化最大值筛选: 1000
2025-06-17 11:59:16 - INFO - 查询成功，返回 5 条记录
2025-06-17 11:59:27 - INFO - 数据库连接成功
2025-06-17 11:59:27 - INFO - 收到数据请求 - 筛选条件: {}
2025-06-17 11:59:27 - INFO - 页码: 1, 每页大小: 20
2025-06-17 11:59:27 - INFO - 数据库连接成功
2025-06-17 11:59:27 - INFO - 图表查询SQL: SELECT * FROM tavi_patients
2025-06-17 11:59:27 - INFO - 查询参数: []
2025-06-17 11:59:27 - INFO - 数据库连接成功
2025-06-17 11:59:27 - INFO - 查询成功，返回 20 条记录
2025-06-17 14:04:03 - INFO - 启动TAVI智能分析系统API服务...
2025-06-17 14:04:04 - INFO - 启动TAVI智能分析系统API服务...
2025-06-17 14:04:31 - INFO - 启动TAVI智能分析系统API服务...
2025-06-17 14:04:31 - INFO - 启动TAVI智能分析系统API服务...
2025-06-17 14:04:37 - INFO - 数据库连接成功
2025-06-17 14:04:37 - INFO - 收到数据请求 - 筛选条件: {}
2025-06-17 14:04:37 - INFO - 页码: 1, 每页大小: 20
2025-06-17 14:04:37 - INFO - 数据库连接成功
2025-06-17 14:04:37 - INFO - 数据库连接成功
2025-06-17 14:04:37 - INFO - 图表查询SQL: SELECT * FROM tavi_patients
2025-06-17 14:04:37 - INFO - 查询参数: []
2025-06-17 14:04:37 - INFO - 查询成功，返回 20 条记录
2025-06-17 14:04:46 - INFO - 数据库连接成功
2025-06-17 14:04:46 - INFO - 添加瓣膜尺寸最小值筛选: 10
2025-06-17 14:04:46 - INFO - 添加瓣膜尺寸最大值筛选: 30
2025-06-17 14:04:46 - INFO - 收到数据请求 - 筛选条件: {'thv_size_min': 10, 'thv_size_max': 30}
2025-06-17 14:04:46 - INFO - 页码: 1, 每页大小: 20
2025-06-17 14:04:46 - INFO - 数据库连接成功
2025-06-17 14:04:46 - INFO - 添加瓣膜尺寸最小值筛选: 10
2025-06-17 14:04:46 - INFO - 添加瓣膜尺寸最大值筛选: 30
2025-06-17 14:04:46 - INFO - 数据库连接成功
2025-06-17 14:04:46 - INFO - 添加瓣膜尺寸最小值筛选: 10
2025-06-17 14:04:46 - INFO - 添加瓣膜尺寸最大值筛选: 30
2025-06-17 14:04:46 - INFO - 图表查询SQL: SELECT * FROM tavi_patients WHERE thv_size >= %s AND thv_size <= %s
2025-06-17 14:04:46 - INFO - 查询参数: [10, 30]
2025-06-17 14:04:46 - INFO - 查询成功，返回 20 条记录
2025-06-17 14:04:52 - INFO - 数据库连接成功
2025-06-17 14:04:52 - INFO - 添加瓣膜尺寸最小值筛选: 25
2025-06-17 14:04:52 - INFO - 添加瓣膜尺寸最大值筛选: 30
2025-06-17 14:04:52 - INFO - 收到数据请求 - 筛选条件: {'thv_size_min': 25, 'thv_size_max': 30}
2025-06-17 14:04:52 - INFO - 页码: 1, 每页大小: 20
2025-06-17 14:04:52 - INFO - 数据库连接成功
2025-06-17 14:04:52 - INFO - 添加瓣膜尺寸最小值筛选: 25
2025-06-17 14:04:52 - INFO - 添加瓣膜尺寸最大值筛选: 30
2025-06-17 14:04:52 - INFO - 数据库连接成功
2025-06-17 14:04:52 - INFO - 添加瓣膜尺寸最小值筛选: 25
2025-06-17 14:04:52 - INFO - 添加瓣膜尺寸最大值筛选: 30
2025-06-17 14:04:52 - INFO - 图表查询SQL: SELECT * FROM tavi_patients WHERE thv_size >= %s AND thv_size <= %s
2025-06-17 14:04:52 - INFO - 查询参数: [25, 30]
2025-06-17 14:04:52 - INFO - 查询成功，返回 20 条记录
2025-06-17 14:04:58 - INFO - 数据库连接成功
2025-06-17 14:04:59 - INFO - 收到数据请求 - 筛选条件: {}
2025-06-17 14:04:59 - INFO - 页码: 1, 每页大小: 20
2025-06-17 14:04:59 - INFO - 数据库连接成功
2025-06-17 14:04:59 - INFO - 图表查询SQL: SELECT * FROM tavi_patients
2025-06-17 14:04:59 - INFO - 查询参数: []
2025-06-17 14:04:59 - INFO - 数据库连接成功
2025-06-17 14:04:59 - INFO - 查询成功，返回 20 条记录
2025-06-17 14:09:34 - INFO - 启动TAVI智能分析系统API服务...
2025-06-17 14:09:34 - INFO - 启动TAVI智能分析系统API服务...
2025-06-17 14:10:40 - INFO - 启动TAVI智能分析系统API服务...
2025-06-17 14:10:41 - INFO - 启动TAVI智能分析系统API服务...
2025-06-17 14:10:48 - INFO - 数据库连接成功
2025-06-17 14:10:48 - INFO - 收到数据请求 - 筛选条件: {}
2025-06-17 14:10:48 - INFO - 页码: 1, 每页大小: 20
2025-06-17 14:10:48 - INFO - 数据库连接成功
2025-06-17 14:10:48 - INFO - 数据库连接成功
2025-06-17 14:10:48 - INFO - 图表查询SQL: SELECT * FROM tavi_patients
2025-06-17 14:10:48 - INFO - 查询参数: []
2025-06-17 14:10:48 - INFO - 查询成功，返回 20 条记录
2025-06-17 14:11:19 - INFO - 数据库连接成功
2025-06-17 14:11:19 - INFO - 收到数据请求 - 筛选条件: {'immediate_pvl_severity': '微量'}
2025-06-17 14:11:19 - INFO - 页码: 1, 每页大小: 20
2025-06-17 14:11:19 - INFO - 数据库连接成功
2025-06-17 14:11:19 - INFO - 图表查询SQL: SELECT * FROM tavi_patients WHERE immediate_pvl_severity = %s
2025-06-17 14:11:19 - INFO - 查询参数: ['微量']
2025-06-17 14:11:19 - INFO - 数据库连接成功
2025-06-17 14:11:19 - INFO - 查询成功，返回 20 条记录
2025-06-17 14:11:23 - INFO - 数据库连接成功
2025-06-17 14:11:23 - INFO - 收到数据请求 - 筛选条件: {}
2025-06-17 14:11:23 - INFO - 页码: 1, 每页大小: 20
2025-06-17 14:11:23 - INFO - 数据库连接成功
2025-06-17 14:11:23 - INFO - 图表查询SQL: SELECT * FROM tavi_patients
2025-06-17 14:11:23 - INFO - 查询参数: []
2025-06-17 14:11:23 - INFO - 数据库连接成功
2025-06-17 14:11:23 - INFO - 查询成功，返回 20 条记录
2025-06-17 14:59:42 - INFO - 启动TAVI智能分析系统API服务...
2025-06-17 14:59:42 - INFO - 启动TAVI智能分析系统API服务...
2025-06-17 15:02:18 - INFO - 启动TAVI智能分析系统API服务...
2025-06-17 15:02:18 - INFO - 启动TAVI智能分析系统API服务...
2025-06-17 15:02:22 - INFO - 数据库连接成功
2025-06-17 15:02:22 - INFO - 开始构建WHERE子句，筛选条件: {}
2025-06-17 15:02:22 - INFO - 最终WHERE子句: 1=1
2025-06-17 15:02:22 - INFO - 查询参数: []
2025-06-17 15:02:23 - INFO - 收到数据请求 - 筛选条件: {}
2025-06-17 15:02:23 - INFO - 页码: 1, 每页大小: 20
2025-06-17 15:02:23 - INFO - 数据库连接成功
2025-06-17 15:02:23 - INFO - 开始构建WHERE子句，筛选条件: {}
2025-06-17 15:02:23 - INFO - 最终WHERE子句: 1=1
2025-06-17 15:02:23 - INFO - 查询参数: []
2025-06-17 15:02:23 - INFO - 图表查询SQL: SELECT * FROM tavi_patients
2025-06-17 15:02:23 - INFO - 查询参数: []
2025-06-17 15:02:23 - INFO - 数据库连接成功
2025-06-17 15:02:23 - INFO - 开始构建WHERE子句，筛选条件: {}
2025-06-17 15:02:23 - INFO - 最终WHERE子句: 1=1
2025-06-17 15:02:23 - INFO - 查询参数: []
2025-06-17 15:02:23 - INFO - 查询成功，返回 20 条记录
2025-06-17 15:02:36 - INFO - 数据库连接成功
2025-06-17 15:02:36 - INFO - 开始构建WHERE子句，筛选条件: {'gender': ['Male'], 'nyha_classification': ['II'], 'atrial_fibrillation': True}
2025-06-17 15:02:36 - INFO - 添加性别筛选: ['Male']
2025-06-17 15:02:36 - INFO - 添加房颤筛选: True
2025-06-17 15:02:36 - INFO - 添加NYHA分级筛选: ['II']
2025-06-17 15:02:36 - INFO - 最终WHERE子句: sex IN (%s) AND atrial_fibrillation = %s AND nyha_classification IN (%s)
2025-06-17 15:02:36 - INFO - 查询参数: ['Male', True, 'II']
2025-06-17 15:02:36 - INFO - 收到数据请求 - 筛选条件: {'gender': ['Male'], 'nyha_classification': ['II'], 'atrial_fibrillation': True}
2025-06-17 15:02:36 - INFO - 页码: 1, 每页大小: 20
2025-06-17 15:02:36 - INFO - 数据库连接成功
2025-06-17 15:02:36 - INFO - 开始构建WHERE子句，筛选条件: {'gender': ['Male'], 'nyha_classification': ['II'], 'atrial_fibrillation': True}
2025-06-17 15:02:36 - INFO - 添加性别筛选: ['Male']
2025-06-17 15:02:36 - INFO - 添加房颤筛选: True
2025-06-17 15:02:36 - INFO - 添加NYHA分级筛选: ['II']
2025-06-17 15:02:36 - INFO - 最终WHERE子句: sex IN (%s) AND atrial_fibrillation = %s AND nyha_classification IN (%s)
2025-06-17 15:02:36 - INFO - 查询参数: ['Male', True, 'II']
2025-06-17 15:02:36 - INFO - 图表查询SQL: SELECT * FROM tavi_patients WHERE sex IN (%s) AND atrial_fibrillation = %s AND nyha_classification IN (%s)
2025-06-17 15:02:36 - INFO - 查询参数: ['Male', True, 'II']
2025-06-17 15:02:36 - INFO - 数据库连接成功
2025-06-17 15:02:36 - INFO - 开始构建WHERE子句，筛选条件: {'gender': ['Male'], 'nyha_classification': ['II'], 'atrial_fibrillation': True}
2025-06-17 15:02:36 - INFO - 添加性别筛选: ['Male']
2025-06-17 15:02:36 - INFO - 添加房颤筛选: True
2025-06-17 15:02:36 - INFO - 添加NYHA分级筛选: ['II']
2025-06-17 15:02:36 - INFO - 最终WHERE子句: sex IN (%s) AND atrial_fibrillation = %s AND nyha_classification IN (%s)
2025-06-17 15:02:36 - INFO - 查询参数: ['Male', True, 'II']
2025-06-17 15:02:36 - INFO - 查询成功，返回 9 条记录
2025-06-17 15:03:04 - INFO - 数据库连接成功
2025-06-17 15:03:04 - INFO - 开始构建WHERE子句，筛选条件: {}
2025-06-17 15:03:04 - INFO - 最终WHERE子句: 1=1
2025-06-17 15:03:04 - INFO - 查询参数: []
2025-06-17 15:03:04 - INFO - 收到数据请求 - 筛选条件: {}
2025-06-17 15:03:04 - INFO - 页码: 1, 每页大小: 20
2025-06-17 15:03:04 - INFO - 数据库连接成功
2025-06-17 15:03:04 - INFO - 开始构建WHERE子句，筛选条件: {}
2025-06-17 15:03:04 - INFO - 最终WHERE子句: 1=1
2025-06-17 15:03:04 - INFO - 查询参数: []
2025-06-17 15:03:04 - INFO - 图表查询SQL: SELECT * FROM tavi_patients
2025-06-17 15:03:04 - INFO - 查询参数: []
2025-06-17 15:03:04 - INFO - 数据库连接成功
2025-06-17 15:03:04 - INFO - 开始构建WHERE子句，筛选条件: {}
2025-06-17 15:03:04 - INFO - 最终WHERE子句: 1=1
2025-06-17 15:03:04 - INFO - 查询参数: []
2025-06-17 15:03:04 - INFO - 查询成功，返回 20 条记录
2025-06-17 15:06:30 - INFO - 启动TAVI智能分析系统API服务...
2025-06-17 15:06:30 - INFO - 启动TAVI智能分析系统API服务...
2025-06-17 15:06:36 - INFO - 数据库连接成功
2025-06-17 15:06:36 - INFO - 开始构建WHERE子句，筛选条件: {}
2025-06-17 15:06:36 - INFO - 最终WHERE子句: 1=1
2025-06-17 15:06:36 - INFO - 查询参数: []
2025-06-17 15:06:36 - INFO - 收到数据请求 - 筛选条件: {}
2025-06-17 15:06:36 - INFO - 页码: 1, 每页大小: 20
2025-06-17 15:06:36 - INFO - 数据库连接成功
2025-06-17 15:06:36 - INFO - 开始构建WHERE子句，筛选条件: {}
2025-06-17 15:06:36 - INFO - 最终WHERE子句: 1=1
2025-06-17 15:06:36 - INFO - 查询参数: []
2025-06-17 15:06:36 - INFO - 图表查询SQL: SELECT * FROM tavi_patients
2025-06-17 15:06:36 - INFO - 查询参数: []
2025-06-17 15:06:36 - INFO - 数据库连接成功
2025-06-17 15:06:36 - INFO - 开始构建WHERE子句，筛选条件: {}
2025-06-17 15:06:36 - INFO - 最终WHERE子句: 1=1
2025-06-17 15:06:36 - INFO - 查询参数: []
2025-06-17 15:06:36 - INFO - 查询成功，返回 20 条记录
2025-06-17 15:06:48 - INFO - 收到数据请求 - 筛选条件: {}
2025-06-17 15:06:48 - INFO - 页码: 3, 每页大小: 20
2025-06-17 15:06:48 - INFO - 数据库连接成功
2025-06-17 15:06:48 - INFO - 开始构建WHERE子句，筛选条件: {}
2025-06-17 15:06:48 - INFO - 最终WHERE子句: 1=1
2025-06-17 15:06:48 - INFO - 查询参数: []
2025-06-17 15:06:48 - INFO - 查询成功，返回 20 条记录
2025-06-17 15:06:56 - INFO - 收到数据请求 - 筛选条件: {}
2025-06-17 15:06:56 - INFO - 页码: 2, 每页大小: 20
2025-06-17 15:06:56 - INFO - 数据库连接成功
2025-06-17 15:06:56 - INFO - 开始构建WHERE子句，筛选条件: {}
2025-06-17 15:06:56 - INFO - 最终WHERE子句: 1=1
2025-06-17 15:06:56 - INFO - 查询参数: []
2025-06-17 15:06:56 - INFO - 查询成功，返回 20 条记录
2025-06-17 15:07:11 - INFO - 收到数据请求 - 筛选条件: {}
2025-06-17 15:07:11 - INFO - 页码: 3, 每页大小: 20
2025-06-17 15:07:11 - INFO - 数据库连接成功
2025-06-17 15:07:11 - INFO - 开始构建WHERE子句，筛选条件: {}
2025-06-17 15:07:11 - INFO - 最终WHERE子句: 1=1
2025-06-17 15:07:11 - INFO - 查询参数: []
2025-06-17 15:07:11 - INFO - 查询成功，返回 20 条记录
2025-06-17 15:08:24 - INFO - 数据库连接成功
2025-06-17 15:08:24 - INFO - 开始构建WHERE子句，筛选条件: {'gender': ['Female'], 'nyha_classification': ['I']}
2025-06-17 15:08:24 - INFO - 添加性别筛选: ['Female']
2025-06-17 15:08:24 - INFO - 添加NYHA分级筛选: ['I']
2025-06-17 15:08:24 - INFO - 最终WHERE子句: sex IN (%s) AND nyha_classification IN (%s)
2025-06-17 15:08:24 - INFO - 查询参数: ['Female', 'I']
2025-06-17 15:08:24 - INFO - 收到数据请求 - 筛选条件: {'gender': ['Female'], 'nyha_classification': ['I']}
2025-06-17 15:08:24 - INFO - 页码: 1, 每页大小: 20
2025-06-17 15:08:24 - INFO - 数据库连接成功
2025-06-17 15:08:24 - INFO - 开始构建WHERE子句，筛选条件: {'gender': ['Female'], 'nyha_classification': ['I']}
2025-06-17 15:08:24 - INFO - 添加性别筛选: ['Female']
2025-06-17 15:08:24 - INFO - 添加NYHA分级筛选: ['I']
2025-06-17 15:08:24 - INFO - 数据库连接成功
2025-06-17 15:08:24 - INFO - 开始构建WHERE子句，筛选条件: {'gender': ['Female'], 'nyha_classification': ['I']}
2025-06-17 15:08:24 - INFO - 添加性别筛选: ['Female']
2025-06-17 15:08:24 - INFO - 添加NYHA分级筛选: ['I']
2025-06-17 15:08:24 - INFO - 最终WHERE子句: sex IN (%s) AND nyha_classification IN (%s)
2025-06-17 15:08:24 - INFO - 查询参数: ['Female', 'I']
2025-06-17 15:08:24 - INFO - 最终WHERE子句: sex IN (%s) AND nyha_classification IN (%s)
2025-06-17 15:08:24 - INFO - 图表查询SQL: SELECT * FROM tavi_patients WHERE sex IN (%s) AND nyha_classification IN (%s)
2025-06-17 15:08:24 - INFO - 查询参数: ['Female', 'I']
2025-06-17 15:08:24 - INFO - 查询参数: ['Female', 'I']
2025-06-17 15:08:24 - INFO - 查询成功，返回 1 条记录
2025-06-17 15:08:27 - INFO - 收到数据请求 - 筛选条件: {'patient_id': '10.1016_j.jaccas.2019.11.071'}
2025-06-17 15:08:27 - INFO - 页码: 1, 每页大小: 1
2025-06-17 15:08:27 - INFO - 数据库连接成功
2025-06-17 15:08:27 - INFO - 开始构建WHERE子句，筛选条件: {'patient_id': '10.1016_j.jaccas.2019.11.071'}
2025-06-17 15:08:27 - INFO - 最终WHERE子句: 1=1
2025-06-17 15:08:27 - INFO - 查询参数: []
2025-06-17 15:08:27 - INFO - 查询成功，返回 1 条记录
2025-06-17 15:08:38 - INFO - 数据库连接成功
2025-06-17 15:08:38 - INFO - 开始构建WHERE子句，筛选条件: {}
2025-06-17 15:08:38 - INFO - 最终WHERE子句: 1=1
2025-06-17 15:08:38 - INFO - 查询参数: []
2025-06-17 15:08:38 - INFO - 收到数据请求 - 筛选条件: {}
2025-06-17 15:08:38 - INFO - 页码: 1, 每页大小: 20
2025-06-17 15:08:38 - INFO - 数据库连接成功
2025-06-17 15:08:38 - INFO - 开始构建WHERE子句，筛选条件: {}
2025-06-17 15:08:38 - INFO - 最终WHERE子句: 1=1
2025-06-17 15:08:38 - INFO - 查询参数: []
2025-06-17 15:08:38 - INFO - 图表查询SQL: SELECT * FROM tavi_patients
2025-06-17 15:08:38 - INFO - 查询参数: []
2025-06-17 15:08:38 - INFO - 数据库连接成功
2025-06-17 15:08:38 - INFO - 开始构建WHERE子句，筛选条件: {}
2025-06-17 15:08:38 - INFO - 最终WHERE子句: 1=1
2025-06-17 15:08:38 - INFO - 查询参数: []
2025-06-17 15:08:38 - INFO - 查询成功，返回 20 条记录
2025-06-17 15:10:20 - INFO - 数据库连接成功
2025-06-17 15:10:20 - INFO - 开始构建WHERE子句，筛选条件: {'thv_brand': 'Edwards'}
2025-06-17 15:10:20 - INFO - 添加瓣膜品牌筛选: Edwards
2025-06-17 15:10:20 - INFO - 最终WHERE子句: thv_brand LIKE %s
2025-06-17 15:10:20 - INFO - 查询参数: ['%Edwards%']
2025-06-17 15:10:20 - INFO - 收到数据请求 - 筛选条件: {'thv_brand': 'Edwards'}
2025-06-17 15:10:20 - INFO - 页码: 1, 每页大小: 20
2025-06-17 15:10:20 - INFO - 数据库连接成功
2025-06-17 15:10:20 - INFO - 数据库连接成功
2025-06-17 15:10:20 - INFO - 开始构建WHERE子句，筛选条件: {'thv_brand': 'Edwards'}
2025-06-17 15:10:20 - INFO - 开始构建WHERE子句，筛选条件: {'thv_brand': 'Edwards'}
2025-06-17 15:10:20 - INFO - 添加瓣膜品牌筛选: Edwards
2025-06-17 15:10:20 - INFO - 最终WHERE子句: thv_brand LIKE %s
2025-06-17 15:10:20 - INFO - 查询参数: ['%Edwards%']
2025-06-17 15:10:20 - INFO - 添加瓣膜品牌筛选: Edwards
2025-06-17 15:10:20 - INFO - 最终WHERE子句: thv_brand LIKE %s
2025-06-17 15:10:20 - INFO - 查询参数: ['%Edwards%']
2025-06-17 15:10:20 - INFO - 图表查询SQL: SELECT * FROM tavi_patients WHERE thv_brand LIKE %s
2025-06-17 15:10:20 - INFO - 查询参数: ['%Edwards%']
2025-06-17 15:10:20 - INFO - 查询成功，返回 20 条记录
2025-06-17 15:10:22 - INFO - 收到数据请求 - 筛选条件: {'patient_id': '10.1016_j.jaccas.2021.01.032'}
2025-06-17 15:10:22 - INFO - 页码: 1, 每页大小: 1
2025-06-17 15:10:22 - INFO - 数据库连接成功
2025-06-17 15:10:22 - INFO - 开始构建WHERE子句，筛选条件: {'patient_id': '10.1016_j.jaccas.2021.01.032'}
2025-06-17 15:10:22 - INFO - 最终WHERE子句: 1=1
2025-06-17 15:10:22 - INFO - 查询参数: []
2025-06-17 15:10:22 - INFO - 查询成功，返回 1 条记录
2025-06-17 15:10:26 - INFO - 收到数据请求 - 筛选条件: {'patient_id': '10.1016_j.case.2023.01.002'}
2025-06-17 15:10:26 - INFO - 页码: 1, 每页大小: 1
2025-06-17 15:10:26 - INFO - 数据库连接成功
2025-06-17 15:10:26 - INFO - 开始构建WHERE子句，筛选条件: {'patient_id': '10.1016_j.case.2023.01.002'}
2025-06-17 15:10:26 - INFO - 最终WHERE子句: 1=1
2025-06-17 15:10:26 - INFO - 查询参数: []
2025-06-17 15:10:26 - INFO - 查询成功，返回 1 条记录
2025-06-17 15:10:34 - INFO - 收到数据请求 - 筛选条件: {'patient_id': '10.1016_j.case.2023.01.002'}
2025-06-17 15:10:34 - INFO - 页码: 1, 每页大小: 1
2025-06-17 15:10:34 - INFO - 数据库连接成功
2025-06-17 15:10:34 - INFO - 开始构建WHERE子句，筛选条件: {'patient_id': '10.1016_j.case.2023.01.002'}
2025-06-17 15:10:34 - INFO - 最终WHERE子句: 1=1
2025-06-17 15:10:34 - INFO - 查询参数: []
2025-06-17 15:10:34 - INFO - 查询成功，返回 1 条记录
2025-06-17 15:11:06 - INFO - 数据库连接成功
2025-06-17 15:11:06 - INFO - 开始构建WHERE子句，筛选条件: {'thv_type': 'Balloon-expandable', 'thv_brand': 'Edwards'}
2025-06-17 15:11:06 - INFO - 添加瓣膜类型筛选: Balloon-expandable
2025-06-17 15:11:06 - INFO - 添加瓣膜品牌筛选: Edwards
2025-06-17 15:11:06 - INFO - 最终WHERE子句: thv_type = %s AND thv_brand LIKE %s
2025-06-17 15:11:06 - INFO - 查询参数: ['Balloon-expandable', '%Edwards%']
2025-06-17 15:11:06 - INFO - 收到数据请求 - 筛选条件: {'thv_type': 'Balloon-expandable', 'thv_brand': 'Edwards'}
2025-06-17 15:11:06 - INFO - 页码: 1, 每页大小: 20
2025-06-17 15:11:06 - INFO - 数据库连接成功
2025-06-17 15:11:06 - INFO - 开始构建WHERE子句，筛选条件: {'thv_type': 'Balloon-expandable', 'thv_brand': 'Edwards'}
2025-06-17 15:11:06 - INFO - 添加瓣膜类型筛选: Balloon-expandable
2025-06-17 15:11:06 - INFO - 添加瓣膜品牌筛选: Edwards
2025-06-17 15:11:06 - INFO - 数据库连接成功
2025-06-17 15:11:06 - INFO - 最终WHERE子句: thv_type = %s AND thv_brand LIKE %s
2025-06-17 15:11:06 - INFO - 开始构建WHERE子句，筛选条件: {'thv_type': 'Balloon-expandable', 'thv_brand': 'Edwards'}
2025-06-17 15:11:06 - INFO - 查询参数: ['Balloon-expandable', '%Edwards%']
2025-06-17 15:11:06 - INFO - 添加瓣膜类型筛选: Balloon-expandable
2025-06-17 15:11:06 - INFO - 图表查询SQL: SELECT * FROM tavi_patients WHERE thv_type = %s AND thv_brand LIKE %s
2025-06-17 15:11:06 - INFO - 查询参数: ['Balloon-expandable', '%Edwards%']
2025-06-17 15:11:06 - INFO - 添加瓣膜品牌筛选: Edwards
2025-06-17 15:11:06 - INFO - 最终WHERE子句: thv_type = %s AND thv_brand LIKE %s
2025-06-17 15:11:06 - INFO - 查询参数: ['Balloon-expandable', '%Edwards%']
2025-06-17 15:11:06 - INFO - 查询成功，返回 20 条记录
2025-06-17 15:11:11 - INFO - 数据库连接成功
2025-06-17 15:11:11 - INFO - 开始构建WHERE子句，筛选条件: {}
2025-06-17 15:11:11 - INFO - 最终WHERE子句: 1=1
2025-06-17 15:11:11 - INFO - 查询参数: []
2025-06-17 15:11:11 - INFO - 收到数据请求 - 筛选条件: {}
2025-06-17 15:11:11 - INFO - 页码: 1, 每页大小: 20
2025-06-17 15:11:11 - INFO - 数据库连接成功
2025-06-17 15:11:11 - INFO - 数据库连接成功
2025-06-17 15:11:11 - INFO - 开始构建WHERE子句，筛选条件: {}
2025-06-17 15:11:11 - INFO - 开始构建WHERE子句，筛选条件: {}
2025-06-17 15:11:11 - INFO - 最终WHERE子句: 1=1
2025-06-17 15:11:11 - INFO - 最终WHERE子句: 1=1
2025-06-17 15:11:11 - INFO - 查询参数: []
2025-06-17 15:11:11 - INFO - 查询参数: []
2025-06-17 15:11:11 - INFO - 图表查询SQL: SELECT * FROM tavi_patients
2025-06-17 15:11:11 - INFO - 查询参数: []
2025-06-17 15:11:11 - INFO - 查询成功，返回 20 条记录
2025-06-17 15:18:53 - INFO - 启动TAVI智能分析系统API服务...
2025-06-17 15:18:53 - INFO - 启动TAVI智能分析系统API服务...
2025-06-17 15:19:02 - INFO - 启动TAVI智能分析系统API服务...
2025-06-17 15:19:02 - INFO - 启动TAVI智能分析系统API服务...
2025-06-17 15:19:08 - INFO - 数据库连接成功
2025-06-17 15:19:08 - INFO - 开始构建WHERE子句，筛选条件: {}
2025-06-17 15:19:08 - INFO - 最终WHERE子句: 1=1
2025-06-17 15:19:08 - INFO - 查询参数: []
2025-06-17 15:19:08 - INFO - 收到数据请求 - 筛选条件: {}
2025-06-17 15:19:08 - INFO - 页码: 1, 每页大小: 20
2025-06-17 15:19:08 - INFO - 数据库连接成功
2025-06-17 15:19:08 - INFO - 开始构建WHERE子句，筛选条件: {}
2025-06-17 15:19:08 - INFO - 最终WHERE子句: 1=1
2025-06-17 15:19:08 - INFO - 查询参数: []
2025-06-17 15:19:08 - INFO - 查询成功，返回 20 条记录
2025-06-17 15:19:08 - INFO - 数据库连接成功
2025-06-17 15:19:08 - INFO - 开始构建WHERE子句，筛选条件: {}
2025-06-17 15:19:08 - INFO - 最终WHERE子句: 1=1
2025-06-17 15:19:08 - INFO - 查询参数: []
2025-06-17 15:19:08 - INFO - 图表查询SQL: SELECT * FROM tavi_patients
2025-06-17 15:19:08 - INFO - 查询参数: []
2025-06-17 15:19:20 - INFO - 数据库连接成功
2025-06-17 15:19:20 - INFO - 开始构建WHERE子句，筛选条件: {'gender': ['Male'], 'thv_brand': 'Edwards'}
2025-06-17 15:19:20 - INFO - 添加性别筛选: ['Male']
2025-06-17 15:19:20 - INFO - 添加瓣膜品牌筛选: Edwards
2025-06-17 15:19:20 - INFO - 最终WHERE子句: sex IN (%s) AND thv_brand LIKE %s
2025-06-17 15:19:20 - INFO - 查询参数: ['Male', '%Edwards%']
2025-06-17 15:19:20 - INFO - 收到数据请求 - 筛选条件: {'gender': ['Male'], 'thv_brand': 'Edwards'}
2025-06-17 15:19:20 - INFO - 页码: 1, 每页大小: 20
2025-06-17 15:19:20 - INFO - 数据库连接成功
2025-06-17 15:19:20 - INFO - 数据库连接成功
2025-06-17 15:19:20 - INFO - 开始构建WHERE子句，筛选条件: {'gender': ['Male'], 'thv_brand': 'Edwards'}
2025-06-17 15:19:20 - INFO - 开始构建WHERE子句，筛选条件: {'gender': ['Male'], 'thv_brand': 'Edwards'}
2025-06-17 15:19:20 - INFO - 添加性别筛选: ['Male']
2025-06-17 15:19:20 - INFO - 添加性别筛选: ['Male']
2025-06-17 15:19:20 - INFO - 添加瓣膜品牌筛选: Edwards
2025-06-17 15:19:20 - INFO - 添加瓣膜品牌筛选: Edwards
2025-06-17 15:19:20 - INFO - 最终WHERE子句: sex IN (%s) AND thv_brand LIKE %s
2025-06-17 15:19:20 - INFO - 最终WHERE子句: sex IN (%s) AND thv_brand LIKE %s
2025-06-17 15:19:20 - INFO - 查询参数: ['Male', '%Edwards%']
2025-06-17 15:19:20 - INFO - 查询参数: ['Male', '%Edwards%']
2025-06-17 15:19:20 - INFO - 图表查询SQL: SELECT * FROM tavi_patients WHERE sex IN (%s) AND thv_brand LIKE %s
2025-06-17 15:19:20 - INFO - 查询参数: ['Male', '%Edwards%']
2025-06-17 15:19:20 - INFO - 查询成功，返回 20 条记录
2025-06-17 15:19:27 - INFO - 收到数据请求 - 筛选条件: {'patient_id': '10.1016_j.jaccas.2021.01.032'}
2025-06-17 15:19:27 - INFO - 页码: 1, 每页大小: 1
2025-06-17 15:19:27 - INFO - 数据库连接成功
2025-06-17 15:19:27 - INFO - 开始构建WHERE子句，筛选条件: {'patient_id': '10.1016_j.jaccas.2021.01.032'}
2025-06-17 15:19:27 - INFO - 添加DOI筛选: 10.1016_j.jaccas.2021.01.032
2025-06-17 15:19:27 - INFO - 最终WHERE子句: patient_id = %s
2025-06-17 15:19:27 - INFO - 查询参数: ['10.1016_j.jaccas.2021.01.032']
2025-06-17 15:19:27 - INFO - 查询成功，返回 1 条记录
2025-06-17 15:20:04 - INFO - 收到数据请求 - 筛选条件: {'patient_id': '10.1016_j.case.2023.01.002'}
2025-06-17 15:20:04 - INFO - 页码: 1, 每页大小: 1
2025-06-17 15:20:04 - INFO - 数据库连接成功
2025-06-17 15:20:04 - INFO - 开始构建WHERE子句，筛选条件: {'patient_id': '10.1016_j.case.2023.01.002'}
2025-06-17 15:20:04 - INFO - 添加DOI筛选: 10.1016_j.case.2023.01.002
2025-06-17 15:20:04 - INFO - 最终WHERE子句: patient_id = %s
2025-06-17 15:20:04 - INFO - 查询参数: ['10.1016_j.case.2023.01.002']
2025-06-17 15:20:04 - INFO - 查询成功，返回 1 条记录
2025-06-17 15:28:00 - INFO - 启动TAVI智能分析系统API服务...
2025-06-17 15:28:00 - INFO - 启动TAVI智能分析系统API服务...
2025-06-17 15:28:04 - INFO - 数据库连接成功
2025-06-17 15:28:04 - INFO - 开始构建WHERE子句，筛选条件: {}
2025-06-17 15:28:04 - INFO - 最终WHERE子句: 1=1
2025-06-17 15:28:04 - INFO - 查询参数: []
2025-06-17 15:28:04 - INFO - 收到数据请求 - 筛选条件: {}
2025-06-17 15:28:04 - INFO - 页码: 1, 每页大小: 20
2025-06-17 15:28:04 - INFO - 数据库连接成功
2025-06-17 15:28:04 - INFO - 开始构建WHERE子句，筛选条件: {}
2025-06-17 15:28:04 - INFO - 最终WHERE子句: 1=1
2025-06-17 15:28:04 - INFO - 查询参数: []
2025-06-17 15:28:04 - INFO - 图表查询SQL: SELECT * FROM tavi_patients
2025-06-17 15:28:04 - INFO - 查询参数: []
2025-06-17 15:28:04 - INFO - 数据库连接成功
2025-06-17 15:28:04 - INFO - 开始构建WHERE子句，筛选条件: {}
2025-06-17 15:28:04 - INFO - 最终WHERE子句: 1=1
2025-06-17 15:28:04 - INFO - 查询参数: []
2025-06-17 15:28:04 - INFO - 查询成功，返回 20 条记录
2025-06-17 15:28:30 - INFO - 数据库连接成功
2025-06-17 15:28:30 - INFO - 开始构建WHERE子句，筛选条件: {'thv_brand': 'Edwards', 'nyha_classification': ['I']}
2025-06-17 15:28:30 - INFO - 添加NYHA分级筛选: ['I']
2025-06-17 15:28:30 - INFO - 添加瓣膜品牌筛选: Edwards
2025-06-17 15:28:30 - INFO - 最终WHERE子句: nyha_classification IN (%s) AND thv_brand LIKE %s
2025-06-17 15:28:30 - INFO - 查询参数: ['I', '%Edwards%']
2025-06-17 15:28:30 - INFO - 收到数据请求 - 筛选条件: {'thv_brand': 'Edwards', 'nyha_classification': ['I']}
2025-06-17 15:28:30 - INFO - 页码: 1, 每页大小: 20
2025-06-17 15:28:30 - INFO - 数据库连接成功
2025-06-17 15:28:30 - INFO - 数据库连接成功
2025-06-17 15:28:30 - INFO - 开始构建WHERE子句，筛选条件: {'thv_brand': 'Edwards', 'nyha_classification': ['I']}
2025-06-17 15:28:30 - INFO - 开始构建WHERE子句，筛选条件: {'thv_brand': 'Edwards', 'nyha_classification': ['I']}
2025-06-17 15:28:30 - INFO - 添加NYHA分级筛选: ['I']
2025-06-17 15:28:30 - INFO - 添加NYHA分级筛选: ['I']
2025-06-17 15:28:30 - INFO - 添加瓣膜品牌筛选: Edwards
2025-06-17 15:28:30 - INFO - 添加瓣膜品牌筛选: Edwards
2025-06-17 15:28:30 - INFO - 最终WHERE子句: nyha_classification IN (%s) AND thv_brand LIKE %s
2025-06-17 15:28:30 - INFO - 最终WHERE子句: nyha_classification IN (%s) AND thv_brand LIKE %s
2025-06-17 15:28:30 - INFO - 查询参数: ['I', '%Edwards%']
2025-06-17 15:28:30 - INFO - 查询参数: ['I', '%Edwards%']
2025-06-17 15:28:30 - INFO - 图表查询SQL: SELECT * FROM tavi_patients WHERE nyha_classification IN (%s) AND thv_brand LIKE %s
2025-06-17 15:28:30 - INFO - 查询参数: ['I', '%Edwards%']
2025-06-17 15:28:30 - INFO - 查询成功，返回 3 条记录
2025-06-17 15:28:56 - INFO - 收到数据请求 - 筛选条件: {'patient_id': '10.1093_ehjcr_ytab150'}
2025-06-17 15:28:56 - INFO - 页码: 1, 每页大小: 1
2025-06-17 15:28:56 - INFO - 数据库连接成功
2025-06-17 15:28:56 - INFO - 开始构建WHERE子句，筛选条件: {'patient_id': '10.1093_ehjcr_ytab150'}
2025-06-17 15:28:56 - INFO - 添加DOI筛选: 10.1093_ehjcr_ytab150
2025-06-17 15:28:56 - INFO - 最终WHERE子句: patient_id = %s
2025-06-17 15:28:56 - INFO - 查询参数: ['10.1093_ehjcr_ytab150']
2025-06-17 15:28:56 - INFO - 查询成功，返回 1 条记录
2025-06-17 15:32:20 - INFO - 启动TAVI智能分析系统API服务...
2025-06-17 15:32:21 - INFO - 启动TAVI智能分析系统API服务...
2025-06-17 15:32:24 - INFO - 数据库连接成功
2025-06-17 15:32:24 - INFO - 开始构建WHERE子句，筛选条件: {}
2025-06-17 15:32:24 - INFO - 最终WHERE子句: 1=1
2025-06-17 15:32:24 - INFO - 查询参数: []
2025-06-17 15:32:25 - INFO - 收到数据请求 - 筛选条件: {}
2025-06-17 15:32:25 - INFO - 页码: 1, 每页大小: 20
2025-06-17 15:32:25 - INFO - 数据库连接成功
2025-06-17 15:32:25 - INFO - 开始构建WHERE子句，筛选条件: {}
2025-06-17 15:32:25 - INFO - 最终WHERE子句: 1=1
2025-06-17 15:32:25 - INFO - 查询参数: []
2025-06-17 15:32:25 - INFO - 图表查询SQL: SELECT * FROM tavi_patients
2025-06-17 15:32:25 - INFO - 查询参数: []
2025-06-17 15:32:25 - INFO - 数据库连接成功
2025-06-17 15:32:25 - INFO - 开始构建WHERE子句，筛选条件: {}
2025-06-17 15:32:25 - INFO - 最终WHERE子句: 1=1
2025-06-17 15:32:25 - INFO - 查询参数: []
2025-06-17 15:32:25 - INFO - 查询成功，返回 20 条记录
2025-06-17 15:32:33 - INFO - 数据库连接成功
2025-06-17 15:32:33 - INFO - 开始构建WHERE子句，筛选条件: {'gender': ['Female'], 'thv_brand': 'Edwards'}
2025-06-17 15:32:33 - INFO - 添加性别筛选: ['Female']
2025-06-17 15:32:33 - INFO - 添加瓣膜品牌筛选: Edwards
2025-06-17 15:32:33 - INFO - 最终WHERE子句: sex IN (%s) AND thv_brand LIKE %s
2025-06-17 15:32:33 - INFO - 查询参数: ['Female', '%Edwards%']
2025-06-17 15:32:33 - INFO - 收到数据请求 - 筛选条件: {'gender': ['Female'], 'thv_brand': 'Edwards'}
2025-06-17 15:32:33 - INFO - 页码: 1, 每页大小: 20
2025-06-17 15:32:33 - INFO - 数据库连接成功
2025-06-17 15:32:33 - INFO - 开始构建WHERE子句，筛选条件: {'gender': ['Female'], 'thv_brand': 'Edwards'}
2025-06-17 15:32:33 - INFO - 数据库连接成功
2025-06-17 15:32:33 - INFO - 添加性别筛选: ['Female']
2025-06-17 15:32:33 - INFO - 开始构建WHERE子句，筛选条件: {'gender': ['Female'], 'thv_brand': 'Edwards'}
2025-06-17 15:32:33 - INFO - 添加瓣膜品牌筛选: Edwards
2025-06-17 15:32:33 - INFO - 添加性别筛选: ['Female']
2025-06-17 15:32:33 - INFO - 最终WHERE子句: sex IN (%s) AND thv_brand LIKE %s
2025-06-17 15:32:33 - INFO - 查询参数: ['Female', '%Edwards%']
2025-06-17 15:32:33 - INFO - 添加瓣膜品牌筛选: Edwards
2025-06-17 15:32:33 - INFO - 最终WHERE子句: sex IN (%s) AND thv_brand LIKE %s
2025-06-17 15:32:33 - INFO - 查询参数: ['Female', '%Edwards%']
2025-06-17 15:32:33 - INFO - 图表查询SQL: SELECT * FROM tavi_patients WHERE sex IN (%s) AND thv_brand LIKE %s
2025-06-17 15:32:33 - INFO - 查询参数: ['Female', '%Edwards%']
2025-06-17 15:32:33 - INFO - 查询成功，返回 20 条记录
2025-06-17 15:32:39 - INFO - 收到数据请求 - 筛选条件: {'patient_id': '10.1016_j.carrev.2018.08.012'}
2025-06-17 15:32:39 - INFO - 页码: 1, 每页大小: 1
2025-06-17 15:32:39 - INFO - 数据库连接成功
2025-06-17 15:32:39 - INFO - 开始构建WHERE子句，筛选条件: {'patient_id': '10.1016_j.carrev.2018.08.012'}
2025-06-17 15:32:39 - INFO - 添加DOI筛选: 10.1016_j.carrev.2018.08.012
2025-06-17 15:32:39 - INFO - 最终WHERE子句: patient_id = %s
2025-06-17 15:32:39 - INFO - 查询参数: ['10.1016_j.carrev.2018.08.012']
2025-06-17 15:32:39 - INFO - 查询成功，返回 1 条记录
2025-06-17 15:37:46 - INFO - 启动TAVI智能分析系统API服务...
2025-06-17 15:37:47 - INFO - 启动TAVI智能分析系统API服务...
2025-06-17 15:37:54 - INFO - 数据库连接成功
2025-06-17 15:37:54 - INFO - 开始构建WHERE子句，筛选条件: {}
2025-06-17 15:37:54 - INFO - 最终WHERE子句: 1=1
2025-06-17 15:37:54 - INFO - 查询参数: []
2025-06-17 15:37:54 - INFO - 收到数据请求 - 筛选条件: {}
2025-06-17 15:37:54 - INFO - 页码: 1, 每页大小: 20
2025-06-17 15:37:54 - INFO - 数据库连接成功
2025-06-17 15:37:54 - INFO - 数据库连接成功
2025-06-17 15:37:54 - INFO - 开始构建WHERE子句，筛选条件: {}
2025-06-17 15:37:54 - INFO - 开始构建WHERE子句，筛选条件: {}
2025-06-17 15:37:54 - INFO - 最终WHERE子句: 1=1
2025-06-17 15:37:54 - INFO - 最终WHERE子句: 1=1
2025-06-17 15:37:54 - INFO - 查询参数: []
2025-06-17 15:37:54 - INFO - 查询参数: []
2025-06-17 15:37:54 - INFO - 图表查询SQL: SELECT * FROM tavi_patients
2025-06-17 15:37:54 - INFO - 查询参数: []
2025-06-17 15:37:54 - INFO - 查询成功，返回 20 条记录
2025-06-17 15:38:01 - INFO - 数据库连接成功
2025-06-17 15:38:01 - INFO - 开始构建WHERE子句，筛选条件: {'gender': ['Female'], 'thv_brand': 'Edwards', 'nyha_classification': ['I']}
2025-06-17 15:38:01 - INFO - 添加性别筛选: ['Female']
2025-06-17 15:38:01 - INFO - 添加NYHA分级筛选: ['I']
2025-06-17 15:38:01 - INFO - 添加瓣膜品牌筛选: Edwards
2025-06-17 15:38:01 - INFO - 最终WHERE子句: sex IN (%s) AND nyha_classification IN (%s) AND thv_brand LIKE %s
2025-06-17 15:38:01 - INFO - 查询参数: ['Female', 'I', '%Edwards%']
2025-06-17 15:38:01 - INFO - 收到数据请求 - 筛选条件: {'gender': ['Female'], 'thv_brand': 'Edwards', 'nyha_classification': ['I']}
2025-06-17 15:38:01 - INFO - 页码: 1, 每页大小: 20
2025-06-17 15:38:01 - INFO - 数据库连接成功
2025-06-17 15:38:01 - INFO - 开始构建WHERE子句，筛选条件: {'gender': ['Female'], 'thv_brand': 'Edwards', 'nyha_classification': ['I']}
2025-06-17 15:38:01 - INFO - 添加性别筛选: ['Female']
2025-06-17 15:38:01 - INFO - 数据库连接成功
2025-06-17 15:38:01 - INFO - 开始构建WHERE子句，筛选条件: {'gender': ['Female'], 'thv_brand': 'Edwards', 'nyha_classification': ['I']}
2025-06-17 15:38:01 - INFO - 添加性别筛选: ['Female']
2025-06-17 15:38:01 - INFO - 添加NYHA分级筛选: ['I']
2025-06-17 15:38:01 - INFO - 添加NYHA分级筛选: ['I']
2025-06-17 15:38:01 - INFO - 添加瓣膜品牌筛选: Edwards
2025-06-17 15:38:01 - INFO - 最终WHERE子句: sex IN (%s) AND nyha_classification IN (%s) AND thv_brand LIKE %s
2025-06-17 15:38:01 - INFO - 查询参数: ['Female', 'I', '%Edwards%']
2025-06-17 15:38:01 - INFO - 添加瓣膜品牌筛选: Edwards
2025-06-17 15:38:01 - INFO - 最终WHERE子句: sex IN (%s) AND nyha_classification IN (%s) AND thv_brand LIKE %s
2025-06-17 15:38:01 - INFO - 查询参数: ['Female', 'I', '%Edwards%']
2025-06-17 15:38:01 - INFO - 图表查询SQL: SELECT * FROM tavi_patients WHERE sex IN (%s) AND nyha_classification IN (%s) AND thv_brand LIKE %s
2025-06-17 15:38:01 - INFO - 查询参数: ['Female', 'I', '%Edwards%']
2025-06-17 15:38:01 - INFO - 查询成功，返回 0 条记录
2025-06-17 15:38:07 - INFO - 数据库连接成功
2025-06-17 15:38:07 - INFO - 开始构建WHERE子句，筛选条件: {'gender': ['Female'], 'thv_brand': 'Edwards'}
2025-06-17 15:38:07 - INFO - 添加性别筛选: ['Female']
2025-06-17 15:38:07 - INFO - 添加瓣膜品牌筛选: Edwards
2025-06-17 15:38:07 - INFO - 最终WHERE子句: sex IN (%s) AND thv_brand LIKE %s
2025-06-17 15:38:07 - INFO - 查询参数: ['Female', '%Edwards%']
2025-06-17 15:38:07 - INFO - 收到数据请求 - 筛选条件: {'gender': ['Female'], 'thv_brand': 'Edwards'}
2025-06-17 15:38:07 - INFO - 页码: 1, 每页大小: 20
2025-06-17 15:38:07 - INFO - 数据库连接成功
2025-06-17 15:38:07 - INFO - 开始构建WHERE子句，筛选条件: {'gender': ['Female'], 'thv_brand': 'Edwards'}
2025-06-17 15:38:07 - INFO - 添加性别筛选: ['Female']
2025-06-17 15:38:07 - INFO - 添加瓣膜品牌筛选: Edwards
2025-06-17 15:38:07 - INFO - 最终WHERE子句: sex IN (%s) AND thv_brand LIKE %s
2025-06-17 15:38:07 - INFO - 查询参数: ['Female', '%Edwards%']
2025-06-17 15:38:07 - INFO - 图表查询SQL: SELECT * FROM tavi_patients WHERE sex IN (%s) AND thv_brand LIKE %s
2025-06-17 15:38:07 - INFO - 数据库连接成功
2025-06-17 15:38:07 - INFO - 开始构建WHERE子句，筛选条件: {'gender': ['Female'], 'thv_brand': 'Edwards'}
2025-06-17 15:38:07 - INFO - 查询参数: ['Female', '%Edwards%']
2025-06-17 15:38:07 - INFO - 添加性别筛选: ['Female']
2025-06-17 15:38:07 - INFO - 添加瓣膜品牌筛选: Edwards
2025-06-17 15:38:07 - INFO - 最终WHERE子句: sex IN (%s) AND thv_brand LIKE %s
2025-06-17 15:38:07 - INFO - 查询参数: ['Female', '%Edwards%']
2025-06-17 15:38:07 - INFO - 查询成功，返回 20 条记录
2025-06-17 15:38:12 - INFO - 收到数据请求 - 筛选条件: {'patient_id': '10.21037_jtd.2018.04.83.J'}
2025-06-17 15:38:12 - INFO - 页码: 1, 每页大小: 1
2025-06-17 15:38:12 - INFO - 数据库连接成功
2025-06-17 15:38:12 - INFO - 开始构建WHERE子句，筛选条件: {'patient_id': '10.21037_jtd.2018.04.83.J'}
2025-06-17 15:38:12 - INFO - 添加DOI筛选: 10.21037_jtd.2018.04.83.J
2025-06-17 15:38:12 - INFO - 最终WHERE子句: patient_id = %s
2025-06-17 15:38:12 - INFO - 查询参数: ['10.21037_jtd.2018.04.83.J']
2025-06-17 15:38:12 - INFO - 查询成功，返回 1 条记录
2025-06-17 15:38:22 - INFO - 收到数据请求 - 筛选条件: {'patient_id': '10.1093_jscr_rjy233'}
2025-06-17 15:38:22 - INFO - 页码: 1, 每页大小: 1
2025-06-17 15:38:22 - INFO - 数据库连接成功
2025-06-17 15:38:22 - INFO - 开始构建WHERE子句，筛选条件: {'patient_id': '10.1093_jscr_rjy233'}
2025-06-17 15:38:22 - INFO - 添加DOI筛选: 10.1093_jscr_rjy233
2025-06-17 15:38:22 - INFO - 最终WHERE子句: patient_id = %s
2025-06-17 15:38:22 - INFO - 查询参数: ['10.1093_jscr_rjy233']
2025-06-17 15:38:22 - INFO - 查询成功，返回 1 条记录
2025-06-17 15:38:32 - INFO - 收到数据请求 - 筛选条件: {'patient_id': '10.1016_j.jcin.2020.03.014'}
2025-06-17 15:38:32 - INFO - 页码: 1, 每页大小: 1
2025-06-17 15:38:32 - INFO - 数据库连接成功
2025-06-17 15:38:32 - INFO - 开始构建WHERE子句，筛选条件: {'patient_id': '10.1016_j.jcin.2020.03.014'}
2025-06-17 15:38:32 - INFO - 添加DOI筛选: 10.1016_j.jcin.2020.03.014
2025-06-17 15:38:32 - INFO - 最终WHERE子句: patient_id = %s
2025-06-17 15:38:32 - INFO - 查询参数: ['10.1016_j.jcin.2020.03.014']
2025-06-17 15:38:32 - INFO - 查询成功，返回 1 条记录
2025-06-17 15:41:53 - INFO - 启动TAVI智能分析系统API服务...
2025-06-17 15:41:54 - INFO - 启动TAVI智能分析系统API服务...
2025-06-17 15:42:00 - INFO - 数据库连接成功
2025-06-17 15:42:00 - INFO - 开始构建WHERE子句，筛选条件: {}
2025-06-17 15:42:00 - INFO - 最终WHERE子句: 1=1
2025-06-17 15:42:00 - INFO - 查询参数: []
2025-06-17 15:42:00 - INFO - 收到数据请求 - 筛选条件: {}
2025-06-17 15:42:00 - INFO - 页码: 1, 每页大小: 20
2025-06-17 15:42:00 - INFO - 数据库连接成功
2025-06-17 15:42:00 - INFO - 开始构建WHERE子句，筛选条件: {}
2025-06-17 15:42:00 - INFO - 最终WHERE子句: 1=1
2025-06-17 15:42:00 - INFO - 数据库连接成功
2025-06-17 15:42:00 - INFO - 查询参数: []
2025-06-17 15:42:00 - INFO - 开始构建WHERE子句，筛选条件: {}
2025-06-17 15:42:00 - INFO - 图表查询SQL: SELECT * FROM tavi_patients
2025-06-17 15:42:00 - INFO - 最终WHERE子句: 1=1
2025-06-17 15:42:00 - INFO - 查询参数: []
2025-06-17 15:42:00 - INFO - 查询参数: []
2025-06-17 15:42:00 - INFO - 查询成功，返回 20 条记录
2025-06-17 15:42:09 - INFO - 数据库连接成功
2025-06-17 15:42:09 - INFO - 开始构建WHERE子句，筛选条件: {'gender': ['Female'], 'thv_brand': 'Edwards', 'nyha_classification': ['II']}
2025-06-17 15:42:09 - INFO - 添加性别筛选: ['Female']
2025-06-17 15:42:09 - INFO - 添加NYHA分级筛选: ['II']
2025-06-17 15:42:09 - INFO - 添加瓣膜品牌筛选: Edwards
2025-06-17 15:42:09 - INFO - 最终WHERE子句: sex IN (%s) AND nyha_classification IN (%s) AND thv_brand LIKE %s
2025-06-17 15:42:09 - INFO - 查询参数: ['Female', 'II', '%Edwards%']
2025-06-17 15:42:10 - INFO - 收到数据请求 - 筛选条件: {'gender': ['Female'], 'thv_brand': 'Edwards', 'nyha_classification': ['II']}
2025-06-17 15:42:10 - INFO - 页码: 1, 每页大小: 20
2025-06-17 15:42:10 - INFO - 数据库连接成功
2025-06-17 15:42:10 - INFO - 开始构建WHERE子句，筛选条件: {'gender': ['Female'], 'thv_brand': 'Edwards', 'nyha_classification': ['II']}
2025-06-17 15:42:10 - INFO - 添加性别筛选: ['Female']
2025-06-17 15:42:10 - INFO - 添加NYHA分级筛选: ['II']
2025-06-17 15:42:10 - INFO - 添加瓣膜品牌筛选: Edwards
2025-06-17 15:42:10 - INFO - 最终WHERE子句: sex IN (%s) AND nyha_classification IN (%s) AND thv_brand LIKE %s
2025-06-17 15:42:10 - INFO - 查询参数: ['Female', 'II', '%Edwards%']
2025-06-17 15:42:10 - INFO - 图表查询SQL: SELECT * FROM tavi_patients WHERE sex IN (%s) AND nyha_classification IN (%s) AND thv_brand LIKE %s
2025-06-17 15:42:10 - INFO - 查询参数: ['Female', 'II', '%Edwards%']
2025-06-17 15:42:10 - INFO - 数据库连接成功
2025-06-17 15:42:10 - INFO - 开始构建WHERE子句，筛选条件: {'gender': ['Female'], 'thv_brand': 'Edwards', 'nyha_classification': ['II']}
2025-06-17 15:42:10 - INFO - 添加性别筛选: ['Female']
2025-06-17 15:42:10 - INFO - 添加NYHA分级筛选: ['II']
2025-06-17 15:42:10 - INFO - 添加瓣膜品牌筛选: Edwards
2025-06-17 15:42:10 - INFO - 最终WHERE子句: sex IN (%s) AND nyha_classification IN (%s) AND thv_brand LIKE %s
2025-06-17 15:42:10 - INFO - 查询参数: ['Female', 'II', '%Edwards%']
2025-06-17 15:42:10 - INFO - 查询成功，返回 11 条记录
2025-06-17 15:42:13 - INFO - 收到数据请求 - 筛选条件: {'patient_id': '10.1016_j.jccase.2018.09.007'}
2025-06-17 15:42:13 - INFO - 页码: 1, 每页大小: 1
2025-06-17 15:42:13 - INFO - 数据库连接成功
2025-06-17 15:42:13 - INFO - 开始构建WHERE子句，筛选条件: {'patient_id': '10.1016_j.jccase.2018.09.007'}
2025-06-17 15:42:13 - INFO - 添加DOI筛选: 10.1016_j.jccase.2018.09.007
2025-06-17 15:42:13 - INFO - 最终WHERE子句: patient_id = %s
2025-06-17 15:42:13 - INFO - 查询参数: ['10.1016_j.jccase.2018.09.007']
2025-06-17 15:42:13 - INFO - 查询成功，返回 1 条记录
2025-06-17 15:47:24 - INFO - 启动TAVI智能分析系统API服务...
2025-06-17 15:47:24 - INFO - 启动TAVI智能分析系统API服务...
2025-06-17 15:47:28 - INFO - 数据库连接成功
2025-06-17 15:47:28 - INFO - 开始构建WHERE子句，筛选条件: {}
2025-06-17 15:47:28 - INFO - 最终WHERE子句: 1=1
2025-06-17 15:47:28 - INFO - 查询参数: []
2025-06-17 15:47:28 - INFO - 收到数据请求 - 筛选条件: {}
2025-06-17 15:47:28 - INFO - 页码: 1, 每页大小: 20
2025-06-17 15:47:28 - INFO - 数据库连接成功
2025-06-17 15:47:28 - INFO - 开始构建WHERE子句，筛选条件: {}
2025-06-17 15:47:28 - INFO - 最终WHERE子句: 1=1
2025-06-17 15:47:28 - INFO - 查询参数: []
2025-06-17 15:47:28 - INFO - 图表查询SQL: SELECT * FROM tavi_patients
2025-06-17 15:47:28 - INFO - 查询参数: []
2025-06-17 15:47:28 - INFO - 数据库连接成功
2025-06-17 15:47:28 - INFO - 开始构建WHERE子句，筛选条件: {}
2025-06-17 15:47:28 - INFO - 最终WHERE子句: 1=1
2025-06-17 15:47:28 - INFO - 查询参数: []
2025-06-17 15:47:28 - INFO - 查询成功，返回 20 条记录
2025-06-17 15:47:42 - INFO - 数据库连接成功
2025-06-17 15:47:42 - INFO - 开始构建WHERE子句，筛选条件: {'gender': ['Male'], 'thv_brand': 'Edwards', 'nyha_classification': ['II']}
2025-06-17 15:47:42 - INFO - 添加性别筛选: ['Male']
2025-06-17 15:47:42 - INFO - 添加NYHA分级筛选: ['II']
2025-06-17 15:47:42 - INFO - 添加瓣膜品牌筛选: Edwards
2025-06-17 15:47:42 - INFO - 最终WHERE子句: sex IN (%s) AND nyha_classification IN (%s) AND thv_brand LIKE %s
2025-06-17 15:47:42 - INFO - 查询参数: ['Male', 'II', '%Edwards%']
2025-06-17 15:47:42 - INFO - 收到数据请求 - 筛选条件: {'gender': ['Male'], 'thv_brand': 'Edwards', 'nyha_classification': ['II']}
2025-06-17 15:47:42 - INFO - 页码: 1, 每页大小: 20
2025-06-17 15:47:42 - INFO - 数据库连接成功
2025-06-17 15:47:42 - INFO - 开始构建WHERE子句，筛选条件: {'gender': ['Male'], 'thv_brand': 'Edwards', 'nyha_classification': ['II']}
2025-06-17 15:47:42 - INFO - 添加性别筛选: ['Male']
2025-06-17 15:47:42 - INFO - 添加NYHA分级筛选: ['II']
2025-06-17 15:47:42 - INFO - 添加瓣膜品牌筛选: Edwards
2025-06-17 15:47:42 - INFO - 最终WHERE子句: sex IN (%s) AND nyha_classification IN (%s) AND thv_brand LIKE %s
2025-06-17 15:47:42 - INFO - 查询参数: ['Male', 'II', '%Edwards%']
2025-06-17 15:47:42 - INFO - 图表查询SQL: SELECT * FROM tavi_patients WHERE sex IN (%s) AND nyha_classification IN (%s) AND thv_brand LIKE %s
2025-06-17 15:47:42 - INFO - 查询参数: ['Male', 'II', '%Edwards%']
2025-06-17 15:47:42 - INFO - 数据库连接成功
2025-06-17 15:47:42 - INFO - 开始构建WHERE子句，筛选条件: {'gender': ['Male'], 'thv_brand': 'Edwards', 'nyha_classification': ['II']}
2025-06-17 15:47:42 - INFO - 添加性别筛选: ['Male']
2025-06-17 15:47:42 - INFO - 添加NYHA分级筛选: ['II']
2025-06-17 15:47:42 - INFO - 添加瓣膜品牌筛选: Edwards
2025-06-17 15:47:42 - INFO - 最终WHERE子句: sex IN (%s) AND nyha_classification IN (%s) AND thv_brand LIKE %s
2025-06-17 15:47:42 - INFO - 查询参数: ['Male', 'II', '%Edwards%']
2025-06-17 15:47:42 - INFO - 查询成功，返回 10 条记录
2025-06-17 15:47:49 - INFO - 收到数据请求 - 筛选条件: {'patient_id': '10.3389_fcvm.2022.988029'}
2025-06-17 15:47:49 - INFO - 页码: 1, 每页大小: 1
2025-06-17 15:47:49 - INFO - 数据库连接成功
2025-06-17 15:47:49 - INFO - 开始构建WHERE子句，筛选条件: {'patient_id': '10.3389_fcvm.2022.988029'}
2025-06-17 15:47:49 - INFO - 添加DOI筛选: 10.3389_fcvm.2022.988029
2025-06-17 15:47:49 - INFO - 最终WHERE子句: patient_id = %s
2025-06-17 15:47:49 - INFO - 查询参数: ['10.3389_fcvm.2022.988029']
2025-06-17 15:47:49 - INFO - 查询成功，返回 1 条记录
2025-06-17 15:47:57 - INFO - 收到数据请求 - 筛选条件: {'patient_id': '10.1080_23320885.2022.2070490'}
2025-06-17 15:47:57 - INFO - 页码: 1, 每页大小: 1
2025-06-17 15:47:57 - INFO - 数据库连接成功
2025-06-17 15:47:57 - INFO - 开始构建WHERE子句，筛选条件: {'patient_id': '10.1080_23320885.2022.2070490'}
2025-06-17 15:47:57 - INFO - 添加DOI筛选: 10.1080_23320885.2022.2070490
2025-06-17 15:47:57 - INFO - 最终WHERE子句: patient_id = %s
2025-06-17 15:47:57 - INFO - 查询参数: ['10.1080_23320885.2022.2070490']
2025-06-17 15:47:57 - INFO - 查询成功，返回 1 条记录
2025-06-17 15:48:08 - INFO - 收到数据请求 - 筛选条件: {'patient_id': '10.24875_acm.21000194'}
2025-06-17 15:48:08 - INFO - 页码: 1, 每页大小: 1
2025-06-17 15:48:08 - INFO - 数据库连接成功
2025-06-17 15:48:08 - INFO - 开始构建WHERE子句，筛选条件: {'patient_id': '10.24875_acm.21000194'}
2025-06-17 15:48:08 - INFO - 添加DOI筛选: 10.24875_acm.21000194
2025-06-17 15:48:08 - INFO - 最终WHERE子句: patient_id = %s
2025-06-17 15:48:08 - INFO - 查询参数: ['10.24875_acm.21000194']
2025-06-17 15:48:08 - INFO - 查询成功，返回 1 条记录
2025-06-17 15:48:27 - INFO - 收到数据请求 - 筛选条件: {'patient_id': '10.1093_ehjcr_ytae126'}
2025-06-17 15:48:27 - INFO - 页码: 1, 每页大小: 1
2025-06-17 15:48:27 - INFO - 数据库连接成功
2025-06-17 15:48:27 - INFO - 开始构建WHERE子句，筛选条件: {'patient_id': '10.1093_ehjcr_ytae126'}
2025-06-17 15:48:27 - INFO - 添加DOI筛选: 10.1093_ehjcr_ytae126
2025-06-17 15:48:27 - INFO - 最终WHERE子句: patient_id = %s
2025-06-17 15:48:27 - INFO - 查询参数: ['10.1093_ehjcr_ytae126']
2025-06-17 15:48:27 - INFO - 查询成功，返回 1 条记录
2025-06-17 15:48:51 - INFO - 收到数据请求 - 筛选条件: {'patient_id': '10.7759_cureus.32292'}
2025-06-17 15:48:51 - INFO - 页码: 1, 每页大小: 1
2025-06-17 15:48:51 - INFO - 数据库连接成功
2025-06-17 15:48:51 - INFO - 开始构建WHERE子句，筛选条件: {'patient_id': '10.7759_cureus.32292'}
2025-06-17 15:48:51 - INFO - 添加DOI筛选: 10.7759_cureus.32292
2025-06-17 15:48:51 - INFO - 最终WHERE子句: patient_id = %s
2025-06-17 15:48:51 - INFO - 查询参数: ['10.7759_cureus.32292']
2025-06-17 15:48:51 - INFO - 查询成功，返回 1 条记录
2025-06-17 15:49:21 - INFO - 收到数据请求 - 筛选条件: {'patient_id': '10.3389_fcvm.2022.988029'}
2025-06-17 15:49:21 - INFO - 页码: 1, 每页大小: 1
2025-06-17 15:49:21 - INFO - 数据库连接成功
2025-06-17 15:49:21 - INFO - 开始构建WHERE子句，筛选条件: {'patient_id': '10.3389_fcvm.2022.988029'}
2025-06-17 15:49:21 - INFO - 添加DOI筛选: 10.3389_fcvm.2022.988029
2025-06-17 15:49:21 - INFO - 最终WHERE子句: patient_id = %s
2025-06-17 15:49:21 - INFO - 查询参数: ['10.3389_fcvm.2022.988029']
2025-06-17 15:49:21 - INFO - 查询成功，返回 1 条记录
2025-06-17 15:49:27 - INFO - 收到数据请求 - 筛选条件: {'patient_id': '10.7759_cureus.32292'}
2025-06-17 15:49:27 - INFO - 页码: 1, 每页大小: 1
2025-06-17 15:49:27 - INFO - 数据库连接成功
2025-06-17 15:49:27 - INFO - 开始构建WHERE子句，筛选条件: {'patient_id': '10.7759_cureus.32292'}
2025-06-17 15:49:27 - INFO - 添加DOI筛选: 10.7759_cureus.32292
2025-06-17 15:49:27 - INFO - 最终WHERE子句: patient_id = %s
2025-06-17 15:49:27 - INFO - 查询参数: ['10.7759_cureus.32292']
2025-06-17 15:49:27 - INFO - 查询成功，返回 1 条记录
2025-06-17 15:52:13 - INFO - 启动TAVI智能分析系统API服务...
2025-06-17 15:52:13 - INFO - 启动TAVI智能分析系统API服务...
2025-06-17 15:52:19 - INFO - 数据库连接成功
2025-06-17 15:52:19 - INFO - 开始构建WHERE子句，筛选条件: {}
2025-06-17 15:52:19 - INFO - 最终WHERE子句: 1=1
2025-06-17 15:52:19 - INFO - 查询参数: []
2025-06-17 15:52:19 - INFO - 收到数据请求 - 筛选条件: {}
2025-06-17 15:52:19 - INFO - 页码: 1, 每页大小: 20
2025-06-17 15:52:19 - INFO - 数据库连接成功
2025-06-17 15:52:19 - INFO - 数据库连接成功
2025-06-17 15:52:19 - INFO - 开始构建WHERE子句，筛选条件: {}
2025-06-17 15:52:19 - INFO - 开始构建WHERE子句，筛选条件: {}
2025-06-17 15:52:19 - INFO - 最终WHERE子句: 1=1
2025-06-17 15:52:19 - INFO - 最终WHERE子句: 1=1
2025-06-17 15:52:19 - INFO - 查询参数: []
2025-06-17 15:52:19 - INFO - 查询参数: []
2025-06-17 15:52:19 - INFO - 图表查询SQL: SELECT * FROM tavi_patients
2025-06-17 15:52:19 - INFO - 查询参数: []
2025-06-17 15:52:19 - INFO - 查询成功，返回 20 条记录
2025-06-17 15:52:29 - INFO - 数据库连接成功
2025-06-17 15:52:29 - INFO - 开始构建WHERE子句，筛选条件: {'gender': ['Female'], 'thv_brand': 'Evolut', 'nyha_classification': ['III']}
2025-06-17 15:52:29 - INFO - 添加性别筛选: ['Female']
2025-06-17 15:52:29 - INFO - 添加NYHA分级筛选: ['III']
2025-06-17 15:52:29 - INFO - 添加瓣膜品牌筛选: Evolut
2025-06-17 15:52:29 - INFO - 最终WHERE子句: sex IN (%s) AND nyha_classification IN (%s) AND thv_brand LIKE %s
2025-06-17 15:52:29 - INFO - 查询参数: ['Female', 'III', '%Evolut%']
2025-06-17 15:52:29 - INFO - 收到数据请求 - 筛选条件: {'gender': ['Female'], 'thv_brand': 'Evolut', 'nyha_classification': ['III']}
2025-06-17 15:52:29 - INFO - 页码: 1, 每页大小: 20
2025-06-17 15:52:29 - INFO - 数据库连接成功
2025-06-17 15:52:29 - INFO - 开始构建WHERE子句，筛选条件: {'gender': ['Female'], 'thv_brand': 'Evolut', 'nyha_classification': ['III']}
2025-06-17 15:52:29 - INFO - 添加性别筛选: ['Female']
2025-06-17 15:52:29 - INFO - 添加NYHA分级筛选: ['III']
2025-06-17 15:52:29 - INFO - 添加瓣膜品牌筛选: Evolut
2025-06-17 15:52:29 - INFO - 最终WHERE子句: sex IN (%s) AND nyha_classification IN (%s) AND thv_brand LIKE %s
2025-06-17 15:52:29 - INFO - 数据库连接成功
2025-06-17 15:52:29 - INFO - 开始构建WHERE子句，筛选条件: {'gender': ['Female'], 'thv_brand': 'Evolut', 'nyha_classification': ['III']}
2025-06-17 15:52:29 - INFO - 添加性别筛选: ['Female']
2025-06-17 15:52:29 - INFO - 添加NYHA分级筛选: ['III']
2025-06-17 15:52:29 - INFO - 查询参数: ['Female', 'III', '%Evolut%']
2025-06-17 15:52:29 - INFO - 图表查询SQL: SELECT * FROM tavi_patients WHERE sex IN (%s) AND nyha_classification IN (%s) AND thv_brand LIKE %s
2025-06-17 15:52:29 - INFO - 查询参数: ['Female', 'III', '%Evolut%']
2025-06-17 15:52:29 - INFO - 添加瓣膜品牌筛选: Evolut
2025-06-17 15:52:29 - INFO - 最终WHERE子句: sex IN (%s) AND nyha_classification IN (%s) AND thv_brand LIKE %s
2025-06-17 15:52:29 - INFO - 查询参数: ['Female', 'III', '%Evolut%']
2025-06-17 15:52:29 - INFO - 查询成功，返回 12 条记录
2025-06-17 15:52:34 - INFO - 收到数据请求 - 筛选条件: {'patient_id': '10.1002_ccd.27812'}
2025-06-17 15:52:34 - INFO - 页码: 1, 每页大小: 1
2025-06-17 15:52:34 - INFO - 数据库连接成功
2025-06-17 15:52:34 - INFO - 开始构建WHERE子句，筛选条件: {'patient_id': '10.1002_ccd.27812'}
2025-06-17 15:52:34 - INFO - 添加DOI筛选: 10.1002_ccd.27812
2025-06-17 15:52:34 - INFO - 最终WHERE子句: patient_id = %s
2025-06-17 15:52:34 - INFO - 查询参数: ['10.1002_ccd.27812']
2025-06-17 15:52:34 - INFO - 查询成功，返回 1 条记录
2025-06-17 15:53:20 - INFO - 收到数据请求 - 筛选条件: {'patient_id': '10.1016_j.hlc.2014.10.012'}
2025-06-17 15:53:20 - INFO - 页码: 1, 每页大小: 1
2025-06-17 15:53:20 - INFO - 数据库连接成功
2025-06-17 15:53:20 - INFO - 开始构建WHERE子句，筛选条件: {'patient_id': '10.1016_j.hlc.2014.10.012'}
2025-06-17 15:53:20 - INFO - 添加DOI筛选: 10.1016_j.hlc.2014.10.012
2025-06-17 15:53:20 - INFO - 最终WHERE子句: patient_id = %s
2025-06-17 15:53:20 - INFO - 查询参数: ['10.1016_j.hlc.2014.10.012']
2025-06-17 15:53:20 - INFO - 查询成功，返回 1 条记录
2025-06-17 15:58:33 - INFO - 启动TAVI智能分析系统API服务...
2025-06-17 15:58:33 - INFO - 启动TAVI智能分析系统API服务...
2025-06-17 15:58:38 - INFO - 数据库连接成功
2025-06-17 15:58:38 - INFO - 开始构建WHERE子句，筛选条件: {}
2025-06-17 15:58:38 - INFO - 最终WHERE子句: 1=1
2025-06-17 15:58:38 - INFO - 查询参数: []
2025-06-17 15:58:38 - INFO - 收到数据请求 - 筛选条件: {}
2025-06-17 15:58:38 - INFO - 页码: 1, 每页大小: 20
2025-06-17 15:58:38 - INFO - 数据库连接成功
2025-06-17 15:58:38 - INFO - 开始构建WHERE子句，筛选条件: {}
2025-06-17 15:58:38 - INFO - 最终WHERE子句: 1=1
2025-06-17 15:58:38 - INFO - 查询参数: []
2025-06-17 15:58:38 - INFO - 数据库连接成功
2025-06-17 15:58:38 - INFO - 开始构建WHERE子句，筛选条件: {}
2025-06-17 15:58:38 - INFO - 最终WHERE子句: 1=1
2025-06-17 15:58:38 - INFO - 查询参数: []
2025-06-17 15:58:38 - INFO - 图表查询SQL: SELECT * FROM tavi_patients
2025-06-17 15:58:38 - INFO - 查询参数: []
2025-06-17 15:58:38 - INFO - 查询成功，返回 20 条记录
2025-06-17 15:58:48 - INFO - 数据库连接成功
2025-06-17 15:58:48 - INFO - 开始构建WHERE子句，筛选条件: {'gender': ['Female'], 'thv_brand': 'Evolut', 'nyha_classification': ['II']}
2025-06-17 15:58:48 - INFO - 添加性别筛选: ['Female']
2025-06-17 15:58:48 - INFO - 添加NYHA分级筛选: ['II']
2025-06-17 15:58:48 - INFO - 添加瓣膜品牌筛选: Evolut
2025-06-17 15:58:48 - INFO - 最终WHERE子句: sex IN (%s) AND nyha_classification IN (%s) AND thv_brand LIKE %s
2025-06-17 15:58:48 - INFO - 查询参数: ['Female', 'II', '%Evolut%']
2025-06-17 15:58:48 - INFO - 收到数据请求 - 筛选条件: {'gender': ['Female'], 'thv_brand': 'Evolut', 'nyha_classification': ['II']}
2025-06-17 15:58:48 - INFO - 页码: 1, 每页大小: 20
2025-06-17 15:58:48 - INFO - 数据库连接成功
2025-06-17 15:58:48 - INFO - 开始构建WHERE子句，筛选条件: {'gender': ['Female'], 'thv_brand': 'Evolut', 'nyha_classification': ['II']}
2025-06-17 15:58:48 - INFO - 数据库连接成功
2025-06-17 15:58:48 - INFO - 添加性别筛选: ['Female']
2025-06-17 15:58:48 - INFO - 开始构建WHERE子句，筛选条件: {'gender': ['Female'], 'thv_brand': 'Evolut', 'nyha_classification': ['II']}
2025-06-17 15:58:48 - INFO - 添加NYHA分级筛选: ['II']
2025-06-17 15:58:48 - INFO - 添加性别筛选: ['Female']
2025-06-17 15:58:48 - INFO - 添加瓣膜品牌筛选: Evolut
2025-06-17 15:58:48 - INFO - 添加NYHA分级筛选: ['II']
2025-06-17 15:58:48 - INFO - 最终WHERE子句: sex IN (%s) AND nyha_classification IN (%s) AND thv_brand LIKE %s
2025-06-17 15:58:48 - INFO - 添加瓣膜品牌筛选: Evolut
2025-06-17 15:58:48 - INFO - 查询参数: ['Female', 'II', '%Evolut%']
2025-06-17 15:58:48 - INFO - 最终WHERE子句: sex IN (%s) AND nyha_classification IN (%s) AND thv_brand LIKE %s
2025-06-17 15:58:48 - INFO - 查询参数: ['Female', 'II', '%Evolut%']
2025-06-17 15:58:48 - INFO - 图表查询SQL: SELECT * FROM tavi_patients WHERE sex IN (%s) AND nyha_classification IN (%s) AND thv_brand LIKE %s
2025-06-17 15:58:48 - INFO - 查询参数: ['Female', 'II', '%Evolut%']
2025-06-17 15:58:48 - INFO - 查询成功，返回 1 条记录
2025-06-17 15:58:52 - INFO - 收到数据请求 - 筛选条件: {'patient_id': '10.1016_j.jccase.2022.07.010'}
2025-06-17 15:58:52 - INFO - 页码: 1, 每页大小: 1
2025-06-17 15:58:52 - INFO - 数据库连接成功
2025-06-17 15:58:52 - INFO - 开始构建WHERE子句，筛选条件: {'patient_id': '10.1016_j.jccase.2022.07.010'}
2025-06-17 15:58:52 - INFO - 添加DOI筛选: 10.1016_j.jccase.2022.07.010
2025-06-17 15:58:52 - INFO - 最终WHERE子句: patient_id = %s
2025-06-17 15:58:52 - INFO - 查询参数: ['10.1016_j.jccase.2022.07.010']
2025-06-17 15:58:52 - INFO - 查询成功，返回 1 条记录
2025-06-18 11:13:41 - INFO - 启动TAVI智能分析系统API服务...
2025-06-18 11:13:42 - INFO - 启动TAVI智能分析系统API服务...
2025-06-18 11:13:46 - INFO - 数据库连接成功
2025-06-18 11:13:46 - INFO - 开始构建WHERE子句，筛选条件: {}
2025-06-18 11:13:46 - INFO - 最终WHERE子句: 1=1
2025-06-18 11:13:46 - INFO - 查询参数: []
2025-06-18 11:13:46 - INFO - 收到数据请求 - 筛选条件: {}
2025-06-18 11:13:46 - INFO - 页码: 1, 每页大小: 20
2025-06-18 11:13:46 - INFO - 数据库连接成功
2025-06-18 11:13:46 - INFO - 数据库连接成功
2025-06-18 11:13:46 - INFO - 开始构建WHERE子句，筛选条件: {}
2025-06-18 11:13:46 - INFO - 开始构建WHERE子句，筛选条件: {}
2025-06-18 11:13:46 - INFO - 最终WHERE子句: 1=1
2025-06-18 11:13:46 - INFO - 最终WHERE子句: 1=1
2025-06-18 11:13:46 - INFO - 查询参数: []
2025-06-18 11:13:46 - INFO - 查询参数: []
2025-06-18 11:13:46 - INFO - 图表查询SQL: SELECT * FROM tavi_patients
2025-06-18 11:13:46 - INFO - 查询参数: []
2025-06-18 11:13:46 - INFO - 查询成功，返回 20 条记录
2025-06-18 14:01:15 - INFO - 启动TAVI智能分析系统API服务...
2025-06-18 14:01:16 - INFO - 启动TAVI智能分析系统API服务...
2025-06-18 14:02:55 - INFO - 启动TAVI智能分析系统API服务...
2025-06-18 14:02:56 - INFO - 启动TAVI智能分析系统API服务...
2025-06-18 14:03:09 - INFO - 启动TAVI智能分析系统API服务...
2025-06-18 14:03:10 - INFO - 启动TAVI智能分析系统API服务...
2025-06-18 14:03:13 - INFO - 启动TAVI智能分析系统API服务...
2025-06-18 14:03:16 - INFO - 数据库连接成功
2025-06-18 14:03:16 - INFO - 开始构建WHERE子句，筛选条件: {}
2025-06-18 14:03:16 - INFO - 最终WHERE子句: 1=1
2025-06-18 14:03:16 - INFO - 查询参数: []
2025-06-18 14:03:16 - INFO - 收到数据请求 - 筛选条件: {}
2025-06-18 14:03:16 - INFO - 页码: 1, 每页大小: 20
2025-06-18 14:03:16 - INFO - 数据库连接成功
2025-06-18 14:03:16 - INFO - 开始构建WHERE子句，筛选条件: {}
2025-06-18 14:03:16 - INFO - 最终WHERE子句: 1=1
2025-06-18 14:03:16 - INFO - 查询参数: []
2025-06-18 14:03:16 - INFO - 数据库连接成功
2025-06-18 14:03:16 - INFO - 开始构建WHERE子句，筛选条件: {}
2025-06-18 14:03:16 - INFO - 最终WHERE子句: 1=1
2025-06-18 14:03:16 - INFO - 查询参数: []
2025-06-18 14:03:16 - INFO - 图表查询SQL: SELECT * FROM tavi_patients
2025-06-18 14:03:16 - INFO - 查询参数: []
2025-06-18 14:03:16 - INFO - 查询成功，返回 20 条记录
2025-06-18 14:12:07 - INFO - 数据库连接成功
2025-06-18 14:12:07 - INFO - 开始构建WHERE子句，筛选条件: {}
2025-06-18 14:12:07 - INFO - 最终WHERE子句: 1=1
2025-06-18 14:12:07 - INFO - 查询参数: []
2025-06-18 14:12:07 - INFO - 收到数据请求 - 筛选条件: {}
2025-06-18 14:12:07 - INFO - 页码: 1, 每页大小: 20
2025-06-18 14:12:07 - INFO - 数据库连接成功
2025-06-18 14:12:07 - INFO - 开始构建WHERE子句，筛选条件: {}
2025-06-18 14:12:07 - INFO - 数据库连接成功
2025-06-18 14:12:07 - INFO - 最终WHERE子句: 1=1
2025-06-18 14:12:07 - INFO - 开始构建WHERE子句，筛选条件: {}
2025-06-18 14:12:07 - INFO - 查询参数: []
2025-06-18 14:12:07 - INFO - 最终WHERE子句: 1=1
2025-06-18 14:12:07 - INFO - 图表查询SQL: SELECT * FROM tavi_patients
2025-06-18 14:12:07 - INFO - 查询参数: []
2025-06-18 14:12:07 - INFO - 查询参数: []
2025-06-18 14:12:07 - INFO - 查询成功，返回 20 条记录
2025-06-18 14:38:59 - INFO - 数据库连接成功
2025-06-18 14:38:59 - INFO - 开始构建WHERE子句，筛选条件: {'age_min': 9, 'age_max': 81}
2025-06-18 14:38:59 - INFO - 添加年龄最小值筛选: 9
2025-06-18 14:38:59 - INFO - 添加年龄最大值筛选: 81
2025-06-18 14:38:59 - INFO - 最终WHERE子句: age >= %s AND age <= %s
2025-06-18 14:38:59 - INFO - 查询参数: [9, 81]
2025-06-18 14:38:59 - INFO - 收到数据请求 - 筛选条件: {'age_min': 9, 'age_max': 81}
2025-06-18 14:38:59 - INFO - 页码: 1, 每页大小: 20
2025-06-18 14:38:59 - INFO - 数据库连接成功
2025-06-18 14:38:59 - INFO - 开始构建WHERE子句，筛选条件: {'age_min': 9, 'age_max': 81}
2025-06-18 14:38:59 - INFO - 添加年龄最小值筛选: 9
2025-06-18 14:38:59 - INFO - 添加年龄最大值筛选: 81
2025-06-18 14:38:59 - INFO - 最终WHERE子句: age >= %s AND age <= %s
2025-06-18 14:38:59 - INFO - 查询参数: [9, 81]
2025-06-18 14:38:59 - INFO - 数据库连接成功
2025-06-18 14:38:59 - INFO - 开始构建WHERE子句，筛选条件: {'age_min': 9, 'age_max': 81}
2025-06-18 14:38:59 - INFO - 添加年龄最小值筛选: 9
2025-06-18 14:38:59 - INFO - 添加年龄最大值筛选: 81
2025-06-18 14:38:59 - INFO - 最终WHERE子句: age >= %s AND age <= %s
2025-06-18 14:38:59 - INFO - 查询参数: [9, 81]
2025-06-18 14:38:59 - INFO - 图表查询SQL: SELECT * FROM tavi_patients WHERE age >= %s AND age <= %s
2025-06-18 14:38:59 - INFO - 查询参数: [9, 81]
2025-06-18 14:38:59 - INFO - 查询成功，返回 20 条记录
2025-06-18 14:39:17 - INFO - 数据库连接成功
2025-06-18 14:39:17 - INFO - 开始构建WHERE子句，筛选条件: {'age_min': 9, 'age_max': 81}
2025-06-18 14:39:17 - INFO - 添加年龄最小值筛选: 9
2025-06-18 14:39:17 - INFO - 添加年龄最大值筛选: 81
2025-06-18 14:39:17 - INFO - 最终WHERE子句: age >= %s AND age <= %s
2025-06-18 14:39:17 - INFO - 查询参数: [9, 81]
2025-06-18 14:39:17 - INFO - 收到数据请求 - 筛选条件: {'age_min': 9, 'age_max': 81}
2025-06-18 14:39:17 - INFO - 页码: 1, 每页大小: 20
2025-06-18 14:39:17 - INFO - 数据库连接成功
2025-06-18 14:39:17 - INFO - 数据库连接成功
2025-06-18 14:39:17 - INFO - 开始构建WHERE子句，筛选条件: {'age_min': 9, 'age_max': 81}
2025-06-18 14:39:17 - INFO - 开始构建WHERE子句，筛选条件: {'age_min': 9, 'age_max': 81}
2025-06-18 14:39:17 - INFO - 添加年龄最小值筛选: 9
2025-06-18 14:39:17 - INFO - 添加年龄最小值筛选: 9
2025-06-18 14:39:17 - INFO - 添加年龄最大值筛选: 81
2025-06-18 14:39:17 - INFO - 添加年龄最大值筛选: 81
2025-06-18 14:39:17 - INFO - 最终WHERE子句: age >= %s AND age <= %s
2025-06-18 14:39:17 - INFO - 最终WHERE子句: age >= %s AND age <= %s
2025-06-18 14:39:17 - INFO - 查询参数: [9, 81]
2025-06-18 14:39:17 - INFO - 查询参数: [9, 81]
2025-06-18 14:39:17 - INFO - 图表查询SQL: SELECT * FROM tavi_patients WHERE age >= %s AND age <= %s
2025-06-18 14:39:17 - INFO - 查询参数: [9, 81]
2025-06-18 14:39:17 - INFO - 查询成功，返回 20 条记录
2025-06-18 14:39:23 - INFO - 数据库连接成功
2025-06-18 14:39:23 - INFO - 开始构建WHERE子句，筛选条件: {'age_min': 9, 'age_max': 80}
2025-06-18 14:39:23 - INFO - 添加年龄最小值筛选: 9
2025-06-18 14:39:23 - INFO - 添加年龄最大值筛选: 80
2025-06-18 14:39:23 - INFO - 最终WHERE子句: age >= %s AND age <= %s
2025-06-18 14:39:23 - INFO - 查询参数: [9, 80]
2025-06-18 14:39:23 - INFO - 收到数据请求 - 筛选条件: {'age_min': 9, 'age_max': 80}
2025-06-18 14:39:23 - INFO - 页码: 1, 每页大小: 20
2025-06-18 14:39:23 - INFO - 数据库连接成功
2025-06-18 14:39:23 - INFO - 开始构建WHERE子句，筛选条件: {'age_min': 9, 'age_max': 80}
2025-06-18 14:39:23 - INFO - 添加年龄最小值筛选: 9
2025-06-18 14:39:23 - INFO - 添加年龄最大值筛选: 80
2025-06-18 14:39:23 - INFO - 最终WHERE子句: age >= %s AND age <= %s
2025-06-18 14:39:23 - INFO - 查询参数: [9, 80]
2025-06-18 14:39:23 - INFO - 图表查询SQL: SELECT * FROM tavi_patients WHERE age >= %s AND age <= %s
2025-06-18 14:39:23 - INFO - 查询参数: [9, 80]
2025-06-18 14:39:23 - INFO - 数据库连接成功
2025-06-18 14:39:23 - INFO - 开始构建WHERE子句，筛选条件: {'age_min': 9, 'age_max': 80}
2025-06-18 14:39:23 - INFO - 添加年龄最小值筛选: 9
2025-06-18 14:39:23 - INFO - 添加年龄最大值筛选: 80
2025-06-18 14:39:23 - INFO - 最终WHERE子句: age >= %s AND age <= %s
2025-06-18 14:39:23 - INFO - 查询参数: [9, 80]
2025-06-18 14:39:23 - INFO - 查询成功，返回 20 条记录
2025-06-18 14:39:37 - INFO - 收到数据请求 - 筛选条件: {'age_min': 9, 'age_max': 80}
2025-06-18 14:39:37 - INFO - 页码: 2, 每页大小: 20
2025-06-18 14:39:37 - INFO - 数据库连接成功
2025-06-18 14:39:37 - INFO - 开始构建WHERE子句，筛选条件: {'age_min': 9, 'age_max': 80}
2025-06-18 14:39:37 - INFO - 添加年龄最小值筛选: 9
2025-06-18 14:39:37 - INFO - 添加年龄最大值筛选: 80
2025-06-18 14:39:37 - INFO - 最终WHERE子句: age >= %s AND age <= %s
2025-06-18 14:39:37 - INFO - 查询参数: [9, 80]
2025-06-18 14:39:37 - INFO - 查询成功，返回 20 条记录
2025-06-18 14:39:40 - INFO - 收到数据请求 - 筛选条件: {'patient_id': '10.1093_ehjcr_ytac327'}
2025-06-18 14:39:40 - INFO - 页码: 1, 每页大小: 1
2025-06-18 14:39:40 - INFO - 数据库连接成功
2025-06-18 14:39:40 - INFO - 开始构建WHERE子句，筛选条件: {'patient_id': '10.1093_ehjcr_ytac327'}
2025-06-18 14:39:40 - INFO - 添加DOI筛选: 10.1093_ehjcr_ytac327
2025-06-18 14:39:40 - INFO - 最终WHERE子句: patient_id = %s
2025-06-18 14:39:40 - INFO - 查询参数: ['10.1093_ehjcr_ytac327']
2025-06-18 14:39:40 - INFO - 查询成功，返回 1 条记录
2025-06-18 14:39:49 - INFO - 收到数据请求 - 筛选条件: {'age_min': 9, 'age_max': 80}
2025-06-18 14:39:49 - INFO - 页码: 4, 每页大小: 20
2025-06-18 14:39:49 - INFO - 数据库连接成功
2025-06-18 14:39:49 - INFO - 开始构建WHERE子句，筛选条件: {'age_min': 9, 'age_max': 80}
2025-06-18 14:39:49 - INFO - 添加年龄最小值筛选: 9
2025-06-18 14:39:49 - INFO - 添加年龄最大值筛选: 80
2025-06-18 14:39:49 - INFO - 最终WHERE子句: age >= %s AND age <= %s
2025-06-18 14:39:49 - INFO - 查询参数: [9, 80]
2025-06-18 14:39:49 - INFO - 查询成功，返回 20 条记录
2025-06-18 14:39:52 - INFO - 数据库连接成功
2025-06-18 14:39:52 - INFO - 开始构建WHERE子句，筛选条件: {'age_min': 9, 'age_max': 80}
2025-06-18 14:39:52 - INFO - 添加年龄最小值筛选: 9
2025-06-18 14:39:52 - INFO - 添加年龄最大值筛选: 80
2025-06-18 14:39:52 - INFO - 最终WHERE子句: age >= %s AND age <= %s
2025-06-18 14:39:52 - INFO - 查询参数: [9, 80]
2025-06-18 14:39:52 - INFO - 图表查询SQL: SELECT * FROM tavi_patients WHERE age >= %s AND age <= %s
2025-06-18 14:39:52 - INFO - 查询参数: [9, 80]
2025-06-18 14:39:54 - INFO - 数据库连接成功
2025-06-18 14:39:54 - INFO - 开始构建WHERE子句，筛选条件: {'age_min': 9, 'age_max': 80}
2025-06-18 14:39:54 - INFO - 添加年龄最小值筛选: 9
2025-06-18 14:39:54 - INFO - 添加年龄最大值筛选: 80
2025-06-18 14:39:54 - INFO - 最终WHERE子句: age >= %s AND age <= %s
2025-06-18 14:39:54 - INFO - 查询参数: [9, 80]
2025-06-18 14:39:54 - INFO - 图表查询SQL: SELECT * FROM tavi_patients WHERE age >= %s AND age <= %s
2025-06-18 14:39:54 - INFO - 查询参数: [9, 80]
2025-06-18 14:39:55 - INFO - 数据库连接成功
2025-06-18 14:39:55 - INFO - 开始构建WHERE子句，筛选条件: {'age_min': 9, 'age_max': 80}
2025-06-18 14:39:55 - INFO - 添加年龄最小值筛选: 9
2025-06-18 14:39:55 - INFO - 添加年龄最大值筛选: 80
2025-06-18 14:39:55 - INFO - 最终WHERE子句: age >= %s AND age <= %s
2025-06-18 14:39:55 - INFO - 查询参数: [9, 80]
2025-06-18 14:39:55 - INFO - 图表查询SQL: SELECT * FROM tavi_patients WHERE age >= %s AND age <= %s
2025-06-18 14:39:55 - INFO - 查询参数: [9, 80]
2025-06-18 14:39:56 - INFO - 数据库连接成功
2025-06-18 14:39:56 - INFO - 开始构建WHERE子句，筛选条件: {'age_min': 9, 'age_max': 80}
2025-06-18 14:39:56 - INFO - 添加年龄最小值筛选: 9
2025-06-18 14:39:56 - INFO - 添加年龄最大值筛选: 80
2025-06-18 14:39:56 - INFO - 最终WHERE子句: age >= %s AND age <= %s
2025-06-18 14:39:56 - INFO - 查询参数: [9, 80]
2025-06-18 14:39:56 - INFO - 图表查询SQL: SELECT * FROM tavi_patients WHERE age >= %s AND age <= %s
2025-06-18 14:39:56 - INFO - 查询参数: [9, 80]
2025-06-18 14:39:57 - INFO - 数据库连接成功
2025-06-18 14:39:57 - INFO - 开始构建WHERE子句，筛选条件: {'age_min': 9, 'age_max': 80}
2025-06-18 14:39:57 - INFO - 添加年龄最小值筛选: 9
2025-06-18 14:39:57 - INFO - 添加年龄最大值筛选: 80
2025-06-18 14:39:57 - INFO - 最终WHERE子句: age >= %s AND age <= %s
2025-06-18 14:39:57 - INFO - 查询参数: [9, 80]
2025-06-18 14:39:57 - INFO - 图表查询SQL: SELECT * FROM tavi_patients WHERE age >= %s AND age <= %s
2025-06-18 14:39:57 - INFO - 查询参数: [9, 80]
2025-06-18 14:39:58 - INFO - 数据库连接成功
2025-06-18 14:39:58 - INFO - 开始构建WHERE子句，筛选条件: {'age_min': 9, 'age_max': 80}
2025-06-18 14:39:58 - INFO - 添加年龄最小值筛选: 9
2025-06-18 14:39:58 - INFO - 添加年龄最大值筛选: 80
2025-06-18 14:39:58 - INFO - 最终WHERE子句: age >= %s AND age <= %s
2025-06-18 14:39:58 - INFO - 查询参数: [9, 80]
2025-06-18 14:39:58 - INFO - 图表查询SQL: SELECT * FROM tavi_patients WHERE age >= %s AND age <= %s
2025-06-18 14:39:58 - INFO - 查询参数: [9, 80]
2025-06-18 14:40:02 - INFO - 数据库连接成功
2025-06-18 14:40:02 - INFO - 开始构建WHERE子句，筛选条件: {'age_min': 9, 'age_max': 80}
2025-06-18 14:40:02 - INFO - 添加年龄最小值筛选: 9
2025-06-18 14:40:02 - INFO - 添加年龄最大值筛选: 80
2025-06-18 14:40:02 - INFO - 最终WHERE子句: age >= %s AND age <= %s
2025-06-18 14:40:02 - INFO - 查询参数: [9, 80]
2025-06-18 14:40:02 - INFO - 收到数据请求 - 筛选条件: {'age_min': 9, 'age_max': 80}
2025-06-18 14:40:02 - INFO - 页码: 1, 每页大小: 20
2025-06-18 14:40:02 - INFO - 数据库连接成功
2025-06-18 14:40:02 - INFO - 开始构建WHERE子句，筛选条件: {'age_min': 9, 'age_max': 80}
2025-06-18 14:40:02 - INFO - 添加年龄最小值筛选: 9
2025-06-18 14:40:02 - INFO - 数据库连接成功
2025-06-18 14:40:02 - INFO - 添加年龄最大值筛选: 80
2025-06-18 14:40:02 - INFO - 开始构建WHERE子句，筛选条件: {'age_min': 9, 'age_max': 80}
2025-06-18 14:40:02 - INFO - 最终WHERE子句: age >= %s AND age <= %s
2025-06-18 14:40:02 - INFO - 添加年龄最小值筛选: 9
2025-06-18 14:40:02 - INFO - 查询参数: [9, 80]
2025-06-18 14:40:02 - INFO - 添加年龄最大值筛选: 80
2025-06-18 14:40:02 - INFO - 图表查询SQL: SELECT * FROM tavi_patients WHERE age >= %s AND age <= %s
2025-06-18 14:40:02 - INFO - 最终WHERE子句: age >= %s AND age <= %s
2025-06-18 14:40:02 - INFO - 查询参数: [9, 80]
2025-06-18 14:40:02 - INFO - 查询参数: [9, 80]
2025-06-18 14:40:02 - INFO - 查询成功，返回 20 条记录
2025-06-18 14:40:11 - INFO - 数据库连接成功
2025-06-18 14:40:11 - INFO - 开始构建WHERE子句，筛选条件: {'age_min': 79, 'age_max': 80}
2025-06-18 14:40:11 - INFO - 添加年龄最小值筛选: 79
2025-06-18 14:40:11 - INFO - 添加年龄最大值筛选: 80
2025-06-18 14:40:11 - INFO - 最终WHERE子句: age >= %s AND age <= %s
2025-06-18 14:40:11 - INFO - 查询参数: [79, 80]
2025-06-18 14:40:11 - INFO - 收到数据请求 - 筛选条件: {'age_min': 79, 'age_max': 80}
2025-06-18 14:40:11 - INFO - 页码: 1, 每页大小: 20
2025-06-18 14:40:11 - INFO - 数据库连接成功
2025-06-18 14:40:11 - INFO - 开始构建WHERE子句，筛选条件: {'age_min': 79, 'age_max': 80}
2025-06-18 14:40:11 - INFO - 添加年龄最小值筛选: 79
2025-06-18 14:40:11 - INFO - 添加年龄最大值筛选: 80
2025-06-18 14:40:11 - INFO - 最终WHERE子句: age >= %s AND age <= %s
2025-06-18 14:40:11 - INFO - 查询参数: [79, 80]
2025-06-18 14:40:11 - INFO - 图表查询SQL: SELECT * FROM tavi_patients WHERE age >= %s AND age <= %s
2025-06-18 14:40:11 - INFO - 查询参数: [79, 80]
2025-06-18 14:40:11 - INFO - 数据库连接成功
2025-06-18 14:40:11 - INFO - 开始构建WHERE子句，筛选条件: {'age_min': 79, 'age_max': 80}
2025-06-18 14:40:11 - INFO - 添加年龄最小值筛选: 79
2025-06-18 14:40:11 - INFO - 添加年龄最大值筛选: 80
2025-06-18 14:40:11 - INFO - 最终WHERE子句: age >= %s AND age <= %s
2025-06-18 14:40:11 - INFO - 查询参数: [79, 80]
2025-06-18 14:40:11 - INFO - 查询成功，返回 20 条记录
2025-06-18 14:40:17 - INFO - 收到数据请求 - 筛选条件: {'age_min': 79, 'age_max': 80}
2025-06-18 14:40:17 - INFO - 页码: 3, 每页大小: 20
2025-06-18 14:40:17 - INFO - 数据库连接成功
2025-06-18 14:40:17 - INFO - 开始构建WHERE子句，筛选条件: {'age_min': 79, 'age_max': 80}
2025-06-18 14:40:17 - INFO - 添加年龄最小值筛选: 79
2025-06-18 14:40:17 - INFO - 添加年龄最大值筛选: 80
2025-06-18 14:40:17 - INFO - 最终WHERE子句: age >= %s AND age <= %s
2025-06-18 14:40:17 - INFO - 查询参数: [79, 80]
2025-06-18 14:40:17 - INFO - 查询成功，返回 20 条记录
2025-06-18 14:41:53 - INFO - 收到数据请求 - 筛选条件: {'age_min': 79, 'age_max': 80, 'sts_score_min': 0.2, 'sts_score_max': 0.8}
2025-06-18 14:41:53 - INFO - 页码: 1, 每页大小: 20
2025-06-18 14:41:53 - INFO - 数据库连接成功
2025-06-18 14:41:53 - INFO - 开始构建WHERE子句，筛选条件: {'age_min': 79, 'age_max': 80, 'sts_score_min': 0.2, 'sts_score_max': 0.8}
2025-06-18 14:41:53 - INFO - 添加年龄最小值筛选: 79
2025-06-18 14:41:53 - INFO - 添加年龄最大值筛选: 80
2025-06-18 14:41:53 - INFO - 最终WHERE子句: age >= %s AND age <= %s
2025-06-18 14:41:53 - INFO - 查询参数: [79, 80]
2025-06-18 14:41:53 - INFO - 数据库连接成功
2025-06-18 14:41:53 - INFO - 数据库连接成功
2025-06-18 14:41:53 - INFO - 开始构建WHERE子句，筛选条件: {'age_min': 79, 'age_max': 80, 'sts_score_min': 0.2, 'sts_score_max': 0.8}
2025-06-18 14:41:53 - INFO - 开始构建WHERE子句，筛选条件: {'age_min': 79, 'age_max': 80, 'sts_score_min': 0.2, 'sts_score_max': 0.8}
2025-06-18 14:41:53 - INFO - 添加年龄最小值筛选: 79
2025-06-18 14:41:53 - INFO - 添加年龄最小值筛选: 79
2025-06-18 14:41:53 - INFO - 添加年龄最大值筛选: 80
2025-06-18 14:41:53 - INFO - 添加年龄最大值筛选: 80
2025-06-18 14:41:53 - INFO - 最终WHERE子句: age >= %s AND age <= %s
2025-06-18 14:41:53 - INFO - 最终WHERE子句: age >= %s AND age <= %s
2025-06-18 14:41:53 - INFO - 查询参数: [79, 80]
2025-06-18 14:41:53 - INFO - 查询参数: [79, 80]
2025-06-18 14:41:53 - INFO - 图表查询SQL: SELECT * FROM tavi_patients WHERE age >= %s AND age <= %s
2025-06-18 14:41:53 - INFO - 查询参数: [79, 80]
2025-06-18 14:41:53 - INFO - 查询成功，返回 20 条记录
2025-06-18 14:41:57 - INFO - 数据库连接成功
2025-06-18 14:41:57 - INFO - 开始构建WHERE子句，筛选条件: {}
2025-06-18 14:41:57 - INFO - 最终WHERE子句: 1=1
2025-06-18 14:41:57 - INFO - 查询参数: []
2025-06-18 14:41:58 - INFO - 收到数据请求 - 筛选条件: {}
2025-06-18 14:41:58 - INFO - 页码: 1, 每页大小: 20
2025-06-18 14:41:58 - INFO - 数据库连接成功
2025-06-18 14:41:58 - INFO - 数据库连接成功
2025-06-18 14:41:58 - INFO - 开始构建WHERE子句，筛选条件: {}
2025-06-18 14:41:58 - INFO - 开始构建WHERE子句，筛选条件: {}
2025-06-18 14:41:58 - INFO - 最终WHERE子句: 1=1
2025-06-18 14:41:58 - INFO - 最终WHERE子句: 1=1
2025-06-18 14:41:58 - INFO - 查询参数: []
2025-06-18 14:41:58 - INFO - 查询参数: []
2025-06-18 14:41:58 - INFO - 图表查询SQL: SELECT * FROM tavi_patients
2025-06-18 14:41:58 - INFO - 查询参数: []
2025-06-18 14:41:58 - INFO - 查询成功，返回 20 条记录
2025-06-18 14:46:18 - INFO - 启动TAVI智能分析系统API服务...
2025-06-18 15:14:00 - INFO - 启动TAVI智能分析系统API服务...
2025-06-18 15:14:04 - INFO - 启动TAVI智能分析系统API服务...
2025-06-18 15:14:08 - INFO - 启动TAVI智能分析系统API服务...
2025-06-18 15:40:25 - INFO - 启动TAVI智能分析系统API服务...
2025-06-18 15:41:29 - INFO - 启动TAVI智能分析系统API服务...
2025-06-18 16:00:55 - INFO - 数据库连接成功
2025-06-18 16:00:55 - INFO - 开始构建WHERE子句，筛选条件: {}
2025-06-18 16:00:55 - INFO - 最终WHERE子句: 1=1
2025-06-18 16:00:55 - INFO - 查询参数: []
2025-06-18 16:00:55 - INFO - 收到数据请求 - 筛选条件: {}
2025-06-18 16:00:55 - INFO - 页码: 1, 每页大小: 20
2025-06-18 16:00:55 - INFO - 数据库连接成功
2025-06-18 16:00:55 - INFO - 数据库连接成功
2025-06-18 16:00:55 - INFO - 开始构建WHERE子句，筛选条件: {}
2025-06-18 16:00:55 - INFO - 开始构建WHERE子句，筛选条件: {}
2025-06-18 16:00:55 - INFO - 最终WHERE子句: 1=1
2025-06-18 16:00:55 - INFO - 最终WHERE子句: 1=1
2025-06-18 16:00:55 - INFO - 查询参数: []
2025-06-18 16:00:55 - INFO - 查询参数: []
2025-06-18 16:00:55 - INFO - 图表查询SQL: SELECT * FROM tavi_patients
2025-06-18 16:00:55 - INFO - 查询参数: []
2025-06-18 16:00:55 - INFO - 查询成功，返回 20 条记录
2025-06-18 16:18:29 - INFO - 启动TAVI智能分析系统API服务...
2025-06-18 16:18:30 - INFO - 启动TAVI智能分析系统API服务...
2025-06-18 16:18:43 - INFO - 数据库连接成功
2025-06-18 16:18:43 - INFO - 开始构建WHERE子句，筛选条件: {}
2025-06-18 16:18:43 - INFO - 最终WHERE子句: 1=1
2025-06-18 16:18:43 - INFO - 查询参数: []
2025-06-18 16:18:43 - INFO - 收到数据请求 - 筛选条件: {}
2025-06-18 16:18:43 - INFO - 页码: 1, 每页大小: 20
2025-06-18 16:18:43 - INFO - 数据库连接成功
2025-06-18 16:18:43 - INFO - 开始构建WHERE子句，筛选条件: {}
2025-06-18 16:18:43 - INFO - 数据库连接成功
2025-06-18 16:18:43 - INFO - 最终WHERE子句: 1=1
2025-06-18 16:18:43 - INFO - 开始构建WHERE子句，筛选条件: {}
2025-06-18 16:18:43 - INFO - 查询参数: []
2025-06-18 16:18:43 - INFO - 最终WHERE子句: 1=1
2025-06-18 16:18:43 - INFO - 图表查询SQL: SELECT * FROM tavi_patients
2025-06-18 16:18:43 - INFO - 查询参数: []
2025-06-18 16:18:43 - INFO - 查询参数: []
2025-06-18 16:18:44 - INFO - 查询成功，返回 20 条记录
2025-06-19 09:45:59 - INFO - 启动TAVI智能分析系统API服务...
2025-06-19 09:46:00 - INFO - 启动TAVI智能分析系统API服务...
2025-06-19 09:46:08 - INFO - 数据库连接成功
2025-06-19 09:46:08 - INFO - 开始构建WHERE子句，筛选条件: {}
2025-06-19 09:46:08 - INFO - 最终WHERE子句: 1=1
2025-06-19 09:46:08 - INFO - 查询参数: []
2025-06-19 09:46:08 - INFO - 收到数据请求 - 筛选条件: {}
2025-06-19 09:46:08 - INFO - 页码: 1, 每页大小: 20
2025-06-19 09:46:08 - INFO - 数据库连接成功
2025-06-19 09:46:08 - INFO - 开始构建WHERE子句，筛选条件: {}
2025-06-19 09:46:08 - INFO - 最终WHERE子句: 1=1
2025-06-19 09:46:08 - INFO - 查询参数: []
2025-06-19 09:46:08 - INFO - 图表查询SQL: SELECT * FROM tavi_patients
2025-06-19 09:46:08 - INFO - 查询参数: []
2025-06-19 09:46:08 - INFO - 数据库连接成功
2025-06-19 09:46:08 - INFO - 开始构建WHERE子句，筛选条件: {}
2025-06-19 09:46:08 - INFO - 最终WHERE子句: 1=1
2025-06-19 09:46:08 - INFO - 查询参数: []
2025-06-19 09:46:08 - INFO - 查询成功，返回 20 条记录
2025-06-19 09:50:48 - INFO - 启动TAVI智能分析系统API服务...
2025-06-19 09:50:55 - INFO - 启动TAVI智能分析系统API服务...
2025-06-19 09:52:38 - INFO - 启动TAVI智能分析系统API服务...
2025-06-19 15:42:54 - INFO - 启动TAVI智能分析系统API服务...
2025-06-19 15:42:56 - INFO - 启动TAVI智能分析系统API服务...
2025-06-19 15:43:15 - INFO - 数据库连接成功
2025-06-19 15:43:15 - INFO - 开始构建WHERE子句，筛选条件: {}
2025-06-19 15:43:15 - INFO - 最终WHERE子句: 1=1
2025-06-19 15:43:15 - INFO - 查询参数: []
2025-06-19 15:43:15 - INFO - 收到数据请求 - 筛选条件: {}
2025-06-19 15:43:15 - INFO - 数据库连接成功
2025-06-19 15:43:15 - INFO - 页码: 1, 每页大小: 20
2025-06-19 15:43:15 - INFO - 开始构建WHERE子句，筛选条件: {}
2025-06-19 15:43:15 - INFO - 最终WHERE子句: 1=1
2025-06-19 15:43:15 - INFO - 查询参数: []
2025-06-19 15:43:15 - INFO - 图表查询SQL: SELECT * FROM tavi_patients
2025-06-19 15:43:15 - INFO - 查询参数: []
2025-06-19 15:43:15 - INFO - 数据库连接成功
2025-06-19 15:43:15 - INFO - 开始构建WHERE子句，筛选条件: {}
2025-06-19 15:43:15 - INFO - 最终WHERE子句: 1=1
2025-06-19 15:43:15 - INFO - 查询参数: []
2025-06-19 15:43:15 - INFO - 查询成功，返回 20 条记录
2025-06-19 16:31:49 - INFO - 启动TAVI智能分析系统API服务...
2025-06-19 16:31:50 - INFO - 启动TAVI智能分析系统API服务...
2025-06-19 16:31:59 - INFO - 收到数据请求 - 筛选条件: {}
2025-06-19 16:31:59 - INFO - 数据库连接成功
2025-06-19 16:31:59 - INFO - 页码: 1, 每页大小: 20
2025-06-19 16:31:59 - INFO - 开始构建WHERE子句，筛选条件: {}
2025-06-19 16:31:59 - INFO - 最终WHERE子句: 1=1
2025-06-19 16:31:59 - INFO - 查询参数: []
2025-06-19 16:31:59 - INFO - 数据库连接成功
2025-06-19 16:31:59 - INFO - 开始构建WHERE子句，筛选条件: {}
2025-06-19 16:31:59 - INFO - 最终WHERE子句: 1=1
2025-06-19 16:31:59 - INFO - 查询参数: []
2025-06-19 16:31:59 - INFO - 图表查询SQL: SELECT * FROM tavi_patients
2025-06-19 16:31:59 - INFO - 查询参数: []
2025-06-19 16:31:59 - INFO - 数据库连接成功
2025-06-19 16:31:59 - INFO - 开始构建WHERE子句，筛选条件: {}
2025-06-19 16:31:59 - INFO - 最终WHERE子句: 1=1
2025-06-19 16:31:59 - INFO - 查询参数: []
2025-06-19 16:31:59 - INFO - 查询成功，返回 20 条记录
2025-06-19 16:48:45 - INFO - 启动TAVI智能分析系统API服务...
2025-06-19 16:48:46 - INFO - 启动TAVI智能分析系统API服务...
2025-06-19 16:48:51 - INFO - 数据库连接成功
2025-06-19 16:48:51 - INFO - 开始构建WHERE子句，筛选条件: {}
2025-06-19 16:48:51 - INFO - 最终WHERE子句: 1=1
2025-06-19 16:48:51 - INFO - 查询参数: []
2025-06-19 16:48:51 - INFO - 收到数据请求 - 筛选条件: {}
2025-06-19 16:48:51 - INFO - 页码: 1, 每页大小: 20
2025-06-19 16:48:51 - INFO - 数据库连接成功
2025-06-19 16:48:51 - INFO - 数据库连接成功
2025-06-19 16:48:51 - INFO - 开始构建WHERE子句，筛选条件: {}
2025-06-19 16:48:51 - INFO - 开始构建WHERE子句，筛选条件: {}
2025-06-19 16:48:51 - INFO - 最终WHERE子句: 1=1
2025-06-19 16:48:51 - INFO - 最终WHERE子句: 1=1
2025-06-19 16:48:51 - INFO - 查询参数: []
2025-06-19 16:48:51 - INFO - 查询参数: []
2025-06-19 16:48:51 - INFO - 图表查询SQL: SELECT * FROM tavi_patients
2025-06-19 16:48:51 - INFO - 查询参数: []
2025-06-19 16:48:51 - INFO - 查询成功，返回 20 条记录
2025-06-19 17:26:23 - INFO - 启动TAVI智能分析系统API服务...
2025-06-19 17:26:24 - INFO - 启动TAVI智能分析系统API服务...
2025-06-19 17:26:29 - INFO - 数据库连接成功
2025-06-19 17:26:29 - INFO - 开始构建WHERE子句，筛选条件: {}
2025-06-19 17:26:29 - INFO - 最终WHERE子句: 1=1
2025-06-19 17:26:29 - INFO - 查询参数: []
2025-06-19 17:26:29 - INFO - 收到数据请求 - 筛选条件: {}
2025-06-19 17:26:29 - INFO - 页码: 1, 每页大小: 20
2025-06-19 17:26:29 - INFO - 数据库连接成功
2025-06-19 17:26:29 - INFO - 开始构建WHERE子句，筛选条件: {}
2025-06-19 17:26:29 - INFO - 最终WHERE子句: 1=1
2025-06-19 17:26:29 - INFO - 查询参数: []
2025-06-19 17:26:29 - INFO - 图表查询SQL: SELECT * FROM tavi_patients
2025-06-19 17:26:29 - INFO - 查询参数: []
2025-06-19 17:26:29 - INFO - 数据库连接成功
2025-06-19 17:26:29 - INFO - 开始构建WHERE子句，筛选条件: {}
2025-06-19 17:26:29 - INFO - 最终WHERE子句: 1=1
2025-06-19 17:26:29 - INFO - 查询参数: []
2025-06-19 17:26:29 - INFO - 查询成功，返回 20 条记录
2025-06-19 17:39:04 - INFO - 启动TAVI智能分析系统API服务...
2025-06-19 17:39:05 - INFO - 启动TAVI智能分析系统API服务...
2025-06-19 17:39:08 - INFO - 数据库连接成功
2025-06-19 17:39:08 - INFO - 开始构建WHERE子句，筛选条件: {}
2025-06-19 17:39:08 - INFO - 最终WHERE子句: 1=1
2025-06-19 17:39:08 - INFO - 查询参数: []
2025-06-19 17:39:08 - INFO - 收到数据请求 - 筛选条件: {}
2025-06-19 17:39:08 - INFO - 页码: 1, 每页大小: 20
2025-06-19 17:39:08 - INFO - 数据库连接成功
2025-06-19 17:39:08 - INFO - 开始构建WHERE子句，筛选条件: {}
2025-06-19 17:39:08 - INFO - 最终WHERE子句: 1=1
2025-06-19 17:39:08 - INFO - 查询参数: []
2025-06-19 17:39:08 - INFO - 数据库连接成功
2025-06-19 17:39:08 - INFO - 开始构建WHERE子句，筛选条件: {}
2025-06-19 17:39:08 - INFO - 最终WHERE子句: 1=1
2025-06-19 17:39:08 - INFO - 查询参数: []
2025-06-19 17:39:08 - INFO - 图表查询SQL: SELECT * FROM tavi_patients
2025-06-19 17:39:08 - INFO - 查询参数: []
2025-06-19 17:39:08 - INFO - 查询成功，返回 20 条记录
2025-06-19 17:39:36 - INFO - 数据库连接成功
2025-06-19 17:39:36 - INFO - 开始构建WHERE子句，筛选条件: {}
2025-06-19 17:39:36 - INFO - 最终WHERE子句: 1=1
2025-06-19 17:39:36 - INFO - 查询参数: []
2025-06-19 17:39:36 - INFO - 收到数据请求 - 筛选条件: {}
2025-06-19 17:39:36 - INFO - 页码: 1, 每页大小: 20
2025-06-19 17:39:36 - INFO - 数据库连接成功
2025-06-19 17:39:36 - INFO - 数据库连接成功
2025-06-19 17:39:36 - INFO - 开始构建WHERE子句，筛选条件: {}
2025-06-19 17:39:36 - INFO - 开始构建WHERE子句，筛选条件: {}
2025-06-19 17:39:36 - INFO - 最终WHERE子句: 1=1
2025-06-19 17:39:36 - INFO - 最终WHERE子句: 1=1
2025-06-19 17:39:36 - INFO - 查询参数: []
2025-06-19 17:39:36 - INFO - 查询参数: []
2025-06-19 17:39:36 - INFO - 图表查询SQL: SELECT * FROM tavi_patients
2025-06-19 17:39:36 - INFO - 查询参数: []
2025-06-19 17:39:36 - INFO - 查询成功，返回 20 条记录
2025-06-20 10:03:26 - INFO - 启动TAVI智能分析系统API服务...
2025-06-20 10:03:27 - INFO - 启动TAVI智能分析系统API服务...
2025-06-20 10:10:49 - INFO - 数据库连接成功
2025-06-20 10:10:49 - INFO - 开始构建WHERE子句，筛选条件: {}
2025-06-20 10:10:49 - INFO - 最终WHERE子句: 1=1
2025-06-20 10:10:49 - INFO - 查询参数: []
2025-06-20 10:10:49 - INFO - 收到数据请求 - 筛选条件: {}
2025-06-20 10:10:49 - INFO - 数据库连接成功
2025-06-20 10:10:49 - INFO - 页码: 1, 每页大小: 20
2025-06-20 10:10:49 - INFO - 开始构建WHERE子句，筛选条件: {}
2025-06-20 10:10:49 - INFO - 最终WHERE子句: 1=1
2025-06-20 10:10:49 - INFO - 查询参数: []
2025-06-20 10:10:49 - INFO - 图表查询SQL: SELECT * FROM tavi_patients
2025-06-20 10:10:49 - INFO - 查询参数: []
2025-06-20 10:10:49 - INFO - 数据库连接成功
2025-06-20 10:10:49 - INFO - 开始构建WHERE子句，筛选条件: {}
2025-06-20 10:10:49 - INFO - 最终WHERE子句: 1=1
2025-06-20 10:10:49 - INFO - 查询参数: []
2025-06-20 10:10:49 - INFO - 查询成功，返回 20 条记录
2025-06-20 10:11:41 - INFO - 启动TAVI智能分析系统API服务...
2025-06-20 10:11:42 - INFO - 启动TAVI智能分析系统API服务...
2025-06-20 10:11:45 - INFO - 收到数据请求 - 筛选条件: {}
2025-06-20 10:11:45 - INFO - 页码: 1, 每页大小: 20
2025-06-20 10:11:45 - INFO - 数据库连接成功
2025-06-20 10:11:45 - INFO - 开始构建WHERE子句，筛选条件: {}
2025-06-20 10:11:45 - INFO - 最终WHERE子句: 1=1
2025-06-20 10:11:45 - INFO - 查询参数: []
2025-06-20 10:11:45 - INFO - 数据库连接成功
2025-06-20 10:11:45 - INFO - 开始构建WHERE子句，筛选条件: {}
2025-06-20 10:11:45 - INFO - 数据库连接成功
2025-06-20 10:11:45 - INFO - 最终WHERE子句: 1=1
2025-06-20 10:11:45 - INFO - 开始构建WHERE子句，筛选条件: {}
2025-06-20 10:11:45 - INFO - 查询参数: []
2025-06-20 10:11:45 - INFO - 最终WHERE子句: 1=1
2025-06-20 10:11:45 - INFO - 查询参数: []
2025-06-20 10:11:45 - INFO - 图表查询SQL: SELECT * FROM tavi_patients
2025-06-20 10:11:45 - INFO - 查询参数: []
2025-06-20 10:11:46 - INFO - 查询成功，返回 20 条记录
2025-06-20 10:18:44 - INFO - 启动TAVI智能分析系统API服务...
2025-06-20 10:18:52 - INFO - 启动TAVI智能分析系统API服务...
2025-06-20 10:22:16 - INFO - 收到数据请求 - 筛选条件: {}
2025-06-20 10:22:16 - INFO - 页码: 1, 每页大小: 20
2025-06-20 10:22:16 - INFO - 数据库连接成功
2025-06-20 10:22:16 - INFO - 开始构建WHERE子句，筛选条件: {}
2025-06-20 10:22:16 - INFO - 最终WHERE子句: 1=1
2025-06-20 10:22:16 - INFO - 查询参数: []
2025-06-20 10:22:16 - INFO - 数据库连接成功
2025-06-20 10:22:16 - INFO - 数据库连接成功
2025-06-20 10:22:16 - INFO - 开始构建WHERE子句，筛选条件: {}
2025-06-20 10:22:16 - INFO - 开始构建WHERE子句，筛选条件: {}
2025-06-20 10:22:16 - INFO - 最终WHERE子句: 1=1
2025-06-20 10:22:16 - INFO - 最终WHERE子句: 1=1
2025-06-20 10:22:16 - INFO - 查询参数: []
2025-06-20 10:22:16 - INFO - 查询参数: []
2025-06-20 10:22:16 - INFO - 图表查询SQL: SELECT * FROM tavi_patients
2025-06-20 10:22:16 - INFO - 查询参数: []
2025-06-20 10:22:16 - INFO - 查询成功，返回 20 条记录
2025-06-20 10:24:32 - INFO - 数据库连接成功
2025-06-20 10:24:32 - INFO - 开始构建WHERE子句，筛选条件: {'death_before_discharge': False, 'other_access': 'transcarotid artery approach'}
2025-06-20 10:24:32 - INFO - 添加其它入路筛选
2025-06-20 10:24:32 - INFO - 添加出院前死亡筛选: False
2025-06-20 10:24:32 - INFO - 最终WHERE子句: other_access IS NOT NULL AND death_before_discharge = %s
2025-06-20 10:24:32 - INFO - 查询参数: [False]
2025-06-20 10:24:32 - INFO - 收到数据请求 - 筛选条件: {'death_before_discharge': False, 'other_access': 'transcarotid artery approach'}
2025-06-20 10:24:32 - INFO - 页码: 1, 每页大小: 20
2025-06-20 10:24:32 - INFO - 数据库连接成功
2025-06-20 10:24:32 - INFO - 开始构建WHERE子句，筛选条件: {'death_before_discharge': False, 'other_access': 'transcarotid artery approach'}
2025-06-20 10:24:32 - INFO - 添加其它入路筛选
2025-06-20 10:24:32 - INFO - 添加出院前死亡筛选: False
2025-06-20 10:24:32 - INFO - 最终WHERE子句: other_access IS NOT NULL AND death_before_discharge = %s
2025-06-20 10:24:32 - INFO - 查询参数: [False]
2025-06-20 10:24:32 - INFO - 图表查询SQL: SELECT * FROM tavi_patients WHERE other_access IS NOT NULL AND death_before_discharge = %s
2025-06-20 10:24:32 - INFO - 查询参数: [False]
2025-06-20 10:24:32 - INFO - 数据库连接成功
2025-06-20 10:24:32 - INFO - 开始构建WHERE子句，筛选条件: {'death_before_discharge': False, 'other_access': 'transcarotid artery approach'}
2025-06-20 10:24:32 - INFO - 添加其它入路筛选
2025-06-20 10:24:32 - INFO - 添加出院前死亡筛选: False
2025-06-20 10:24:32 - INFO - 最终WHERE子句: other_access IS NOT NULL AND death_before_discharge = %s
2025-06-20 10:24:32 - INFO - 查询参数: [False]
2025-06-20 10:24:32 - INFO - 查询成功，返回 20 条记录
2025-06-20 10:24:48 - INFO - 数据库连接成功
2025-06-20 10:24:48 - INFO - 开始构建WHERE子句，筛选条件: {'death_before_discharge': False, 'other_access': 'transcarotid artery approach'}
2025-06-20 10:24:48 - INFO - 添加其它入路筛选
2025-06-20 10:24:48 - INFO - 添加出院前死亡筛选: False
2025-06-20 10:24:48 - INFO - 最终WHERE子句: other_access IS NOT NULL AND death_before_discharge = %s
2025-06-20 10:24:48 - INFO - 查询参数: [False]
2025-06-20 10:24:48 - INFO - 收到数据请求 - 筛选条件: {'death_before_discharge': False, 'other_access': 'transcarotid artery approach'}
2025-06-20 10:24:48 - INFO - 页码: 1, 每页大小: 20
2025-06-20 10:24:49 - INFO - 数据库连接成功
2025-06-20 10:24:49 - INFO - 数据库连接成功
2025-06-20 10:24:49 - INFO - 开始构建WHERE子句，筛选条件: {'death_before_discharge': False, 'other_access': 'transcarotid artery approach'}
2025-06-20 10:24:49 - INFO - 开始构建WHERE子句，筛选条件: {'death_before_discharge': False, 'other_access': 'transcarotid artery approach'}
2025-06-20 10:24:49 - INFO - 添加其它入路筛选
2025-06-20 10:24:49 - INFO - 添加其它入路筛选
2025-06-20 10:24:49 - INFO - 添加出院前死亡筛选: False
2025-06-20 10:24:49 - INFO - 添加出院前死亡筛选: False
2025-06-20 10:24:49 - INFO - 最终WHERE子句: other_access IS NOT NULL AND death_before_discharge = %s
2025-06-20 10:24:49 - INFO - 最终WHERE子句: other_access IS NOT NULL AND death_before_discharge = %s
2025-06-20 10:24:49 - INFO - 查询参数: [False]
2025-06-20 10:24:49 - INFO - 查询参数: [False]
2025-06-20 10:24:49 - INFO - 图表查询SQL: SELECT * FROM tavi_patients WHERE other_access IS NOT NULL AND death_before_discharge = %s
2025-06-20 10:24:49 - INFO - 查询参数: [False]
2025-06-20 10:24:49 - INFO - 查询成功，返回 20 条记录
2025-06-20 10:34:19 - INFO - 收到数据请求 - 筛选条件: {'patient_id': '10.1016_j.athoracsur.2012.03.111'}
2025-06-20 10:34:19 - INFO - 页码: 1, 每页大小: 1
2025-06-20 10:34:19 - INFO - 数据库连接成功
2025-06-20 10:34:19 - INFO - 开始构建WHERE子句，筛选条件: {'patient_id': '10.1016_j.athoracsur.2012.03.111'}
2025-06-20 10:34:19 - INFO - 添加DOI筛选: 10.1016_j.athoracsur.2012.03.111
2025-06-20 10:34:19 - INFO - 最终WHERE子句: patient_id = %s
2025-06-20 10:34:19 - INFO - 查询参数: ['10.1016_j.athoracsur.2012.03.111']
2025-06-20 10:34:19 - INFO - 查询成功，返回 1 条记录
2025-06-20 10:37:50 - INFO - 收到数据请求 - 筛选条件: {'patient_id': '10.1093_jscr_rjy233'}
2025-06-20 10:37:50 - INFO - 页码: 1, 每页大小: 1
2025-06-20 10:37:50 - INFO - 数据库连接成功
2025-06-20 10:37:50 - INFO - 开始构建WHERE子句，筛选条件: {'patient_id': '10.1093_jscr_rjy233'}
2025-06-20 10:37:50 - INFO - 添加DOI筛选: 10.1093_jscr_rjy233
2025-06-20 10:37:50 - INFO - 最终WHERE子句: patient_id = %s
2025-06-20 10:37:50 - INFO - 查询参数: ['10.1093_jscr_rjy233']
2025-06-20 10:37:50 - INFO - 查询成功，返回 1 条记录
2025-06-20 10:38:14 - INFO - 收到数据请求 - 筛选条件: {'patient_id': '10.1016_j.athoracsur.2012.03.111'}
2025-06-20 10:38:14 - INFO - 页码: 1, 每页大小: 1
2025-06-20 10:38:14 - INFO - 数据库连接成功
2025-06-20 10:38:14 - INFO - 开始构建WHERE子句，筛选条件: {'patient_id': '10.1016_j.athoracsur.2012.03.111'}
2025-06-20 10:38:14 - INFO - 添加DOI筛选: 10.1016_j.athoracsur.2012.03.111
2025-06-20 10:38:14 - INFO - 最终WHERE子句: patient_id = %s
2025-06-20 10:38:14 - INFO - 查询参数: ['10.1016_j.athoracsur.2012.03.111']
2025-06-20 10:38:14 - INFO - 查询成功，返回 1 条记录
2025-06-20 10:39:05 - INFO - 收到数据请求 - 筛选条件: {'patient_id': '10.1093_jscr_rjy233'}
2025-06-20 10:39:05 - INFO - 页码: 1, 每页大小: 1
2025-06-20 10:39:05 - INFO - 数据库连接成功
2025-06-20 10:39:05 - INFO - 开始构建WHERE子句，筛选条件: {'patient_id': '10.1093_jscr_rjy233'}
2025-06-20 10:39:05 - INFO - 添加DOI筛选: 10.1093_jscr_rjy233
2025-06-20 10:39:05 - INFO - 最终WHERE子句: patient_id = %s
2025-06-20 10:39:05 - INFO - 查询参数: ['10.1093_jscr_rjy233']
2025-06-20 10:39:05 - INFO - 查询成功，返回 1 条记录
2025-06-20 10:39:15 - INFO - 收到数据请求 - 筛选条件: {'patient_id': '10.1016_j.athoracsur.2012.03.111'}
2025-06-20 10:39:15 - INFO - 页码: 1, 每页大小: 1
2025-06-20 10:39:15 - INFO - 数据库连接成功
2025-06-20 10:39:15 - INFO - 开始构建WHERE子句，筛选条件: {'patient_id': '10.1016_j.athoracsur.2012.03.111'}
2025-06-20 10:39:15 - INFO - 添加DOI筛选: 10.1016_j.athoracsur.2012.03.111
2025-06-20 10:39:15 - INFO - 最终WHERE子句: patient_id = %s
2025-06-20 10:39:15 - INFO - 查询参数: ['10.1016_j.athoracsur.2012.03.111']
2025-06-20 10:39:15 - INFO - 查询成功，返回 1 条记录
2025-06-20 10:39:23 - INFO - 收到数据请求 - 筛选条件: {'patient_id': '10.1016_j.athoracsur.2012.03.111'}
2025-06-20 10:39:23 - INFO - 页码: 1, 每页大小: 1
2025-06-20 10:39:23 - INFO - 数据库连接成功
2025-06-20 10:39:23 - INFO - 开始构建WHERE子句，筛选条件: {'patient_id': '10.1016_j.athoracsur.2012.03.111'}
2025-06-20 10:39:23 - INFO - 添加DOI筛选: 10.1016_j.athoracsur.2012.03.111
2025-06-20 10:39:23 - INFO - 最终WHERE子句: patient_id = %s
2025-06-20 10:39:23 - INFO - 查询参数: ['10.1016_j.athoracsur.2012.03.111']
2025-06-20 10:39:23 - INFO - 查询成功，返回 1 条记录
2025-06-20 10:39:34 - INFO - 收到数据请求 - 筛选条件: {'patient_id': '10.1002_ccd.26610'}
2025-06-20 10:39:34 - INFO - 页码: 1, 每页大小: 1
2025-06-20 10:39:34 - INFO - 数据库连接成功
2025-06-20 10:39:34 - INFO - 开始构建WHERE子句，筛选条件: {'patient_id': '10.1002_ccd.26610'}
2025-06-20 10:39:34 - INFO - 添加DOI筛选: 10.1002_ccd.26610
2025-06-20 10:39:34 - INFO - 最终WHERE子句: patient_id = %s
2025-06-20 10:39:34 - INFO - 查询参数: ['10.1002_ccd.26610']
2025-06-20 10:39:34 - INFO - 查询成功，返回 1 条记录
2025-06-20 10:40:04 - INFO - 收到数据请求 - 筛选条件: {'patient_id': '10.1536_ihj.18-591'}
2025-06-20 10:40:04 - INFO - 页码: 1, 每页大小: 1
2025-06-20 10:40:04 - INFO - 数据库连接成功
2025-06-20 10:40:04 - INFO - 开始构建WHERE子句，筛选条件: {'patient_id': '10.1536_ihj.18-591'}
2025-06-20 10:40:04 - INFO - 添加DOI筛选: 10.1536_ihj.18-591
2025-06-20 10:40:04 - INFO - 最终WHERE子句: patient_id = %s
2025-06-20 10:40:04 - INFO - 查询参数: ['10.1536_ihj.18-591']
2025-06-20 10:40:04 - INFO - 查询成功，返回 1 条记录
2025-06-20 10:41:18 - INFO - 数据库连接成功
2025-06-20 10:41:18 - INFO - 开始构建WHERE子句，筛选条件: {}
2025-06-20 10:41:18 - INFO - 最终WHERE子句: 1=1
2025-06-20 10:41:18 - INFO - 查询参数: []
2025-06-20 10:41:18 - INFO - 收到数据请求 - 筛选条件: {}
2025-06-20 10:41:18 - INFO - 页码: 1, 每页大小: 20
2025-06-20 10:41:18 - INFO - 数据库连接成功
2025-06-20 10:41:18 - INFO - 数据库连接成功
2025-06-20 10:41:18 - INFO - 开始构建WHERE子句，筛选条件: {}
2025-06-20 10:41:18 - INFO - 开始构建WHERE子句，筛选条件: {}
2025-06-20 10:41:18 - INFO - 最终WHERE子句: 1=1
2025-06-20 10:41:18 - INFO - 最终WHERE子句: 1=1
2025-06-20 10:41:18 - INFO - 查询参数: []
2025-06-20 10:41:18 - INFO - 查询参数: []
2025-06-20 10:41:18 - INFO - 图表查询SQL: SELECT * FROM tavi_patients
2025-06-20 10:41:18 - INFO - 查询参数: []
2025-06-20 10:41:18 - INFO - 查询成功，返回 20 条记录
2025-06-20 10:46:11 - INFO - 数据库连接成功
2025-06-20 10:46:11 - INFO - 开始构建WHERE子句，筛选条件: {}
2025-06-20 10:46:11 - INFO - 最终WHERE子句: 1=1
2025-06-20 10:46:11 - INFO - 查询参数: []
2025-06-20 10:46:11 - INFO - 收到数据请求 - 筛选条件: {}
2025-06-20 10:46:11 - INFO - 页码: 1, 每页大小: 20
2025-06-20 10:46:11 - INFO - 数据库连接成功
2025-06-20 10:46:11 - INFO - 开始构建WHERE子句，筛选条件: {}
2025-06-20 10:46:11 - INFO - 最终WHERE子句: 1=1
2025-06-20 10:46:11 - INFO - 查询参数: []
2025-06-20 10:46:11 - INFO - 数据库连接成功
2025-06-20 10:46:11 - INFO - 图表查询SQL: SELECT * FROM tavi_patients
2025-06-20 10:46:11 - INFO - 开始构建WHERE子句，筛选条件: {}
2025-06-20 10:46:11 - INFO - 查询参数: []
2025-06-20 10:46:11 - INFO - 最终WHERE子句: 1=1
2025-06-20 10:46:11 - INFO - 查询参数: []
2025-06-20 10:46:11 - INFO - 查询成功，返回 20 条记录
2025-06-20 10:46:20 - INFO - 数据库连接成功
2025-06-20 10:46:20 - INFO - 开始构建WHERE子句，筛选条件: {'age_max': 100}
2025-06-20 10:46:20 - INFO - 添加年龄最大值筛选: 100
2025-06-20 10:46:20 - INFO - 最终WHERE子句: age <= %s
2025-06-20 10:46:20 - INFO - 查询参数: [100]
2025-06-20 10:46:21 - INFO - 收到数据请求 - 筛选条件: {'age_max': 100}
2025-06-20 10:46:21 - INFO - 页码: 1, 每页大小: 20
2025-06-20 10:46:21 - INFO - 数据库连接成功
2025-06-20 10:46:21 - INFO - 开始构建WHERE子句，筛选条件: {'age_max': 100}
2025-06-20 10:46:21 - INFO - 添加年龄最大值筛选: 100
2025-06-20 10:46:21 - INFO - 最终WHERE子句: age <= %s
2025-06-20 10:46:21 - INFO - 查询参数: [100]
2025-06-20 10:46:21 - INFO - 图表查询SQL: SELECT * FROM tavi_patients WHERE age <= %s
2025-06-20 10:46:21 - INFO - 查询参数: [100]
2025-06-20 10:46:21 - INFO - 数据库连接成功
2025-06-20 10:46:21 - INFO - 开始构建WHERE子句，筛选条件: {'age_max': 100}
2025-06-20 10:46:21 - INFO - 添加年龄最大值筛选: 100
2025-06-20 10:46:21 - INFO - 最终WHERE子句: age <= %s
2025-06-20 10:46:21 - INFO - 查询参数: [100]
2025-06-20 10:46:21 - INFO - 查询成功，返回 20 条记录
2025-06-20 10:46:23 - INFO - 数据库连接成功
2025-06-20 10:46:23 - INFO - 开始构建WHERE子句，筛选条件: {'age_max': 100}
2025-06-20 10:46:23 - INFO - 添加年龄最大值筛选: 100
2025-06-20 10:46:23 - INFO - 最终WHERE子句: age <= %s
2025-06-20 10:46:23 - INFO - 查询参数: [100]
2025-06-20 10:46:23 - INFO - 收到数据请求 - 筛选条件: {'age_max': 100}
2025-06-20 10:46:23 - INFO - 页码: 1, 每页大小: 20
2025-06-20 10:46:23 - INFO - 数据库连接成功
2025-06-20 10:46:23 - INFO - 开始构建WHERE子句，筛选条件: {'age_max': 100}
2025-06-20 10:46:23 - INFO - 添加年龄最大值筛选: 100
2025-06-20 10:46:23 - INFO - 最终WHERE子句: age <= %s
2025-06-20 10:46:23 - INFO - 查询参数: [100]
2025-06-20 10:46:23 - INFO - 图表查询SQL: SELECT * FROM tavi_patients WHERE age <= %s
2025-06-20 10:46:23 - INFO - 查询参数: [100]
2025-06-20 10:46:23 - INFO - 数据库连接成功
2025-06-20 10:46:23 - INFO - 开始构建WHERE子句，筛选条件: {'age_max': 100}
2025-06-20 10:46:23 - INFO - 添加年龄最大值筛选: 100
2025-06-20 10:46:23 - INFO - 最终WHERE子句: age <= %s
2025-06-20 10:46:23 - INFO - 查询参数: [100]
2025-06-20 10:46:23 - INFO - 查询成功，返回 20 条记录
2025-06-20 10:46:30 - INFO - 数据库连接成功
2025-06-20 10:46:30 - INFO - 开始构建WHERE子句，筛选条件: {'age_max': 150}
2025-06-20 10:46:30 - INFO - 添加年龄最大值筛选: 150
2025-06-20 10:46:30 - INFO - 最终WHERE子句: age <= %s
2025-06-20 10:46:30 - INFO - 查询参数: [150]
2025-06-20 10:46:30 - INFO - 收到数据请求 - 筛选条件: {'age_max': 150}
2025-06-20 10:46:30 - INFO - 页码: 1, 每页大小: 20
2025-06-20 10:46:30 - INFO - 数据库连接成功
2025-06-20 10:46:30 - INFO - 数据库连接成功
2025-06-20 10:46:30 - INFO - 开始构建WHERE子句，筛选条件: {'age_max': 150}
2025-06-20 10:46:30 - INFO - 开始构建WHERE子句，筛选条件: {'age_max': 150}
2025-06-20 10:46:30 - INFO - 添加年龄最大值筛选: 150
2025-06-20 10:46:30 - INFO - 添加年龄最大值筛选: 150
2025-06-20 10:46:30 - INFO - 最终WHERE子句: age <= %s
2025-06-20 10:46:30 - INFO - 最终WHERE子句: age <= %s
2025-06-20 10:46:30 - INFO - 查询参数: [150]
2025-06-20 10:46:30 - INFO - 查询参数: [150]
2025-06-20 10:46:30 - INFO - 图表查询SQL: SELECT * FROM tavi_patients WHERE age <= %s
2025-06-20 10:46:30 - INFO - 查询参数: [150]
2025-06-20 10:46:30 - INFO - 查询成功，返回 20 条记录
2025-06-20 10:47:58 - INFO - 数据库连接成功
2025-06-20 10:47:58 - INFO - 开始构建WHERE子句，筛选条件: {}
2025-06-20 10:47:58 - INFO - 最终WHERE子句: 1=1
2025-06-20 10:47:58 - INFO - 查询参数: []
2025-06-20 10:47:58 - INFO - 收到数据请求 - 筛选条件: {}
2025-06-20 10:47:58 - INFO - 页码: 1, 每页大小: 20
2025-06-20 10:47:58 - INFO - 数据库连接成功
2025-06-20 10:47:58 - INFO - 开始构建WHERE子句，筛选条件: {}
2025-06-20 10:47:58 - INFO - 数据库连接成功
2025-06-20 10:47:58 - INFO - 最终WHERE子句: 1=1
2025-06-20 10:47:58 - INFO - 开始构建WHERE子句，筛选条件: {}
2025-06-20 10:47:58 - INFO - 查询参数: []
2025-06-20 10:47:58 - INFO - 最终WHERE子句: 1=1
2025-06-20 10:47:58 - INFO - 图表查询SQL: SELECT * FROM tavi_patients
2025-06-20 10:47:58 - INFO - 查询参数: []
2025-06-20 10:47:58 - INFO - 查询参数: []
2025-06-20 10:47:58 - INFO - 查询成功，返回 20 条记录
2025-06-20 10:58:56 - INFO - 数据库连接成功
2025-06-20 10:58:56 - INFO - 开始构建WHERE子句，筛选条件: {}
2025-06-20 10:58:56 - INFO - 最终WHERE子句: 1=1
2025-06-20 10:58:56 - INFO - 查询参数: []
2025-06-20 10:58:56 - INFO - 图表查询SQL: SELECT * FROM tavi_patients
2025-06-20 10:58:56 - INFO - 查询参数: []
2025-06-20 10:58:59 - INFO - 收到数据请求 - 筛选条件: {'patient_id': '10.1016_j.jcin.2013.05.032'}
2025-06-20 10:58:59 - INFO - 页码: 1, 每页大小: 1
2025-06-20 10:58:59 - INFO - 数据库连接成功
2025-06-20 10:58:59 - INFO - 开始构建WHERE子句，筛选条件: {'patient_id': '10.1016_j.jcin.2013.05.032'}
2025-06-20 10:58:59 - INFO - 添加DOI筛选: 10.1016_j.jcin.2013.05.032
2025-06-20 10:58:59 - INFO - 最终WHERE子句: patient_id = %s
2025-06-20 10:58:59 - INFO - 查询参数: ['10.1016_j.jcin.2013.05.032']
2025-06-20 10:58:59 - INFO - 查询成功，返回 1 条记录
2025-06-20 10:59:02 - INFO - 收到数据请求 - 筛选条件: {'patient_id': '10.1016_j.carrev.2012.02.004'}
2025-06-20 10:59:02 - INFO - 页码: 1, 每页大小: 1
2025-06-20 10:59:02 - INFO - 数据库连接成功
2025-06-20 10:59:02 - INFO - 开始构建WHERE子句，筛选条件: {'patient_id': '10.1016_j.carrev.2012.02.004'}
2025-06-20 10:59:02 - INFO - 添加DOI筛选: 10.1016_j.carrev.2012.02.004
2025-06-20 10:59:02 - INFO - 最终WHERE子句: patient_id = %s
2025-06-20 10:59:02 - INFO - 查询参数: ['10.1016_j.carrev.2012.02.004']
2025-06-20 10:59:02 - INFO - 查询成功，返回 1 条记录
2025-06-20 10:59:04 - INFO - 收到数据请求 - 筛选条件: {}
2025-06-20 10:59:04 - INFO - 页码: 1, 每页大小: 10000
2025-06-20 10:59:04 - INFO - 数据库连接成功
2025-06-20 10:59:04 - INFO - 开始构建WHERE子句，筛选条件: {}
2025-06-20 10:59:04 - INFO - 最终WHERE子句: 1=1
2025-06-20 10:59:04 - INFO - 查询参数: []
2025-06-20 10:59:04 - INFO - 查询成功，返回 1300 条记录
2025-06-20 10:59:27 - INFO - 收到数据请求 - 筛选条件: {}
2025-06-20 10:59:27 - INFO - 页码: 2, 每页大小: 20
2025-06-20 10:59:27 - INFO - 数据库连接成功
2025-06-20 10:59:27 - INFO - 开始构建WHERE子句，筛选条件: {}
2025-06-20 10:59:27 - INFO - 最终WHERE子句: 1=1
2025-06-20 10:59:27 - INFO - 查询参数: []
2025-06-20 10:59:27 - INFO - 查询成功，返回 20 条记录
2025-06-20 10:59:29 - INFO - 收到数据请求 - 筛选条件: {}
2025-06-20 10:59:29 - INFO - 页码: 3, 每页大小: 20
2025-06-20 10:59:29 - INFO - 数据库连接成功
2025-06-20 10:59:29 - INFO - 开始构建WHERE子句，筛选条件: {}
2025-06-20 10:59:29 - INFO - 最终WHERE子句: 1=1
2025-06-20 10:59:29 - INFO - 查询参数: []
2025-06-20 10:59:29 - INFO - 查询成功，返回 20 条记录
2025-06-20 11:00:31 - INFO - 收到数据请求 - 筛选条件: {}
2025-06-20 11:00:31 - INFO - 页码: 4, 每页大小: 20
2025-06-20 11:00:31 - INFO - 数据库连接成功
2025-06-20 11:00:31 - INFO - 开始构建WHERE子句，筛选条件: {}
2025-06-20 11:00:31 - INFO - 最终WHERE子句: 1=1
2025-06-20 11:00:31 - INFO - 查询参数: []
2025-06-20 11:00:31 - INFO - 查询成功，返回 20 条记录
2025-06-20 11:00:35 - INFO - 数据库连接成功
2025-06-20 11:00:35 - INFO - 开始构建WHERE子句，筛选条件: {}
2025-06-20 11:00:35 - INFO - 最终WHERE子句: 1=1
2025-06-20 11:00:35 - INFO - 查询参数: []
2025-06-20 11:00:35 - INFO - 图表查询SQL: SELECT * FROM tavi_patients
2025-06-20 11:00:35 - INFO - 查询参数: []
2025-06-20 11:00:38 - INFO - 数据库连接成功
2025-06-20 11:00:38 - INFO - 开始构建WHERE子句，筛选条件: {}
2025-06-20 11:00:38 - INFO - 最终WHERE子句: 1=1
2025-06-20 11:00:38 - INFO - 查询参数: []
2025-06-20 11:00:38 - INFO - 图表查询SQL: SELECT * FROM tavi_patients
2025-06-20 11:00:38 - INFO - 查询参数: []
2025-06-20 11:02:23 - INFO - 数据库连接成功
2025-06-20 11:02:23 - INFO - 开始构建WHERE子句，筛选条件: {}
2025-06-20 11:02:23 - INFO - 最终WHERE子句: 1=1
2025-06-20 11:02:23 - INFO - 查询参数: []
2025-06-20 11:02:23 - INFO - 收到数据请求 - 筛选条件: {}
2025-06-20 11:02:23 - INFO - 页码: 1, 每页大小: 20
2025-06-20 11:02:23 - INFO - 数据库连接成功
2025-06-20 11:02:23 - INFO - 开始构建WHERE子句，筛选条件: {}
2025-06-20 11:02:23 - INFO - 最终WHERE子句: 1=1
2025-06-20 11:02:23 - INFO - 查询参数: []
2025-06-20 11:02:23 - INFO - 数据库连接成功
2025-06-20 11:02:23 - INFO - 图表查询SQL: SELECT * FROM tavi_patients
2025-06-20 11:02:23 - INFO - 开始构建WHERE子句，筛选条件: {}
2025-06-20 11:02:23 - INFO - 查询参数: []
2025-06-20 11:02:23 - INFO - 最终WHERE子句: 1=1
2025-06-20 11:02:23 - INFO - 查询参数: []
2025-06-20 11:02:23 - INFO - 查询成功，返回 20 条记录
2025-06-20 11:21:28 - INFO - 启动TAVI智能分析系统API服务...
2025-06-20 11:21:29 - INFO - 启动TAVI智能分析系统API服务...
2025-06-20 11:21:32 - INFO - 数据库连接成功
2025-06-20 11:21:32 - INFO - 开始构建WHERE子句，筛选条件: {}
2025-06-20 11:21:32 - INFO - 最终WHERE子句: 1=1
2025-06-20 11:21:32 - INFO - 查询参数: []
2025-06-20 11:21:32 - INFO - 收到数据请求 - 筛选条件: {}
2025-06-20 11:21:32 - INFO - 页码: 1, 每页大小: 20
2025-06-20 11:21:32 - INFO - 数据库连接成功
2025-06-20 11:21:32 - INFO - 开始构建WHERE子句，筛选条件: {}
2025-06-20 11:21:32 - INFO - 最终WHERE子句: 1=1
2025-06-20 11:21:32 - INFO - 查询参数: []
2025-06-20 11:21:32 - INFO - 数据库连接成功
2025-06-20 11:21:32 - INFO - 开始构建WHERE子句，筛选条件: {}
2025-06-20 11:21:32 - INFO - 最终WHERE子句: 1=1
2025-06-20 11:21:32 - INFO - 查询参数: []
2025-06-20 11:21:32 - INFO - 图表查询SQL: SELECT * FROM tavi_patients
2025-06-20 11:21:32 - INFO - 查询参数: []
2025-06-20 11:21:32 - INFO - 查询成功，返回 20 条记录
2025-06-20 11:21:56 - INFO - 数据库连接成功
2025-06-20 11:21:56 - INFO - 开始构建WHERE子句，筛选条件: {}
2025-06-20 11:21:56 - INFO - 最终WHERE子句: 1=1
2025-06-20 11:21:56 - INFO - 查询参数: []
2025-06-20 11:21:56 - INFO - 收到数据请求 - 筛选条件: {}
2025-06-20 11:21:56 - INFO - 页码: 1, 每页大小: 20
2025-06-20 11:21:56 - INFO - 数据库连接成功
2025-06-20 11:21:56 - INFO - 开始构建WHERE子句，筛选条件: {}
2025-06-20 11:21:56 - INFO - 数据库连接成功
2025-06-20 11:21:56 - INFO - 最终WHERE子句: 1=1
2025-06-20 11:21:56 - INFO - 开始构建WHERE子句，筛选条件: {}
2025-06-20 11:21:56 - INFO - 查询参数: []
2025-06-20 11:21:56 - INFO - 最终WHERE子句: 1=1
2025-06-20 11:21:56 - INFO - 图表查询SQL: SELECT * FROM tavi_patients
2025-06-20 11:21:56 - INFO - 查询参数: []
2025-06-20 11:21:56 - INFO - 查询参数: []
2025-06-20 11:21:56 - INFO - 查询成功，返回 20 条记录
2025-06-20 11:22:10 - INFO - 收到数据请求 - 筛选条件: {}
2025-06-20 11:22:10 - INFO - 页码: 1, 每页大小: 20
2025-06-20 11:22:11 - INFO - 数据库连接成功
2025-06-20 11:22:11 - INFO - 开始构建WHERE子句，筛选条件: {}
2025-06-20 11:22:11 - INFO - 最终WHERE子句: 1=1
2025-06-20 11:22:11 - INFO - 查询参数: []
2025-06-20 11:22:11 - INFO - 图表查询SQL: SELECT * FROM tavi_patients
2025-06-20 11:22:11 - INFO - 查询参数: []
2025-06-20 11:22:11 - INFO - 数据库连接成功
2025-06-20 11:22:11 - INFO - 开始构建WHERE子句，筛选条件: {}
2025-06-20 11:22:11 - INFO - 最终WHERE子句: 1=1
2025-06-20 11:22:11 - INFO - 查询参数: []
2025-06-20 11:22:11 - INFO - 查询成功，返回 20 条记录
2025-06-20 11:22:11 - INFO - 数据库连接成功
2025-06-20 11:22:11 - INFO - 开始构建WHERE子句，筛选条件: {}
2025-06-20 11:22:11 - INFO - 最终WHERE子句: 1=1
2025-06-20 11:22:11 - INFO - 查询参数: []
2025-06-20 11:27:22 - INFO - 数据库连接成功
2025-06-20 11:27:22 - INFO - 开始构建WHERE子句，筛选条件: {}
2025-06-20 11:27:22 - INFO - 最终WHERE子句: 1=1
2025-06-20 11:27:22 - INFO - 查询参数: []
2025-06-20 11:27:22 - INFO - 收到数据请求 - 筛选条件: {}
2025-06-20 11:27:22 - INFO - 页码: 1, 每页大小: 20
2025-06-20 11:27:22 - INFO - 数据库连接成功
2025-06-20 11:27:22 - INFO - 开始构建WHERE子句，筛选条件: {}
2025-06-20 11:27:22 - INFO - 最终WHERE子句: 1=1
2025-06-20 11:27:22 - INFO - 查询参数: []
2025-06-20 11:27:22 - INFO - 数据库连接成功
2025-06-20 11:27:22 - INFO - 开始构建WHERE子句，筛选条件: {}
2025-06-20 11:27:22 - INFO - 最终WHERE子句: 1=1
2025-06-20 11:27:22 - INFO - 查询参数: []
2025-06-20 11:27:22 - INFO - 图表查询SQL: SELECT * FROM tavi_patients
2025-06-20 11:27:22 - INFO - 查询参数: []
2025-06-20 11:27:22 - INFO - 查询成功，返回 20 条记录
2025-06-20 11:33:52 - INFO - 启动TAVI智能分析系统API服务...
2025-06-20 14:22:37 - INFO - 启动TAVI智能分析系统API服务...
2025-06-20 14:22:38 - INFO - 启动TAVI智能分析系统API服务...
2025-06-20 14:22:42 - INFO - 数据库连接成功
2025-06-20 14:22:42 - INFO - 开始构建WHERE子句，筛选条件: {}
2025-06-20 14:22:42 - INFO - 最终WHERE子句: 1=1
2025-06-20 14:22:42 - INFO - 查询参数: []
2025-06-20 14:22:42 - INFO - 收到数据请求 - 筛选条件: {}
2025-06-20 14:22:42 - INFO - 页码: 1, 每页大小: 20
2025-06-20 14:22:42 - INFO - 数据库连接成功
2025-06-20 14:22:42 - INFO - 开始构建WHERE子句，筛选条件: {}
2025-06-20 14:22:42 - INFO - 最终WHERE子句: 1=1
2025-06-20 14:22:42 - INFO - 查询参数: []
2025-06-20 14:22:42 - INFO - 图表查询SQL: SELECT * FROM tavi_patients
2025-06-20 14:22:42 - INFO - 查询参数: []
2025-06-20 14:22:42 - INFO - 数据库连接成功
2025-06-20 14:22:42 - INFO - 开始构建WHERE子句，筛选条件: {}
2025-06-20 14:22:42 - INFO - 最终WHERE子句: 1=1
2025-06-20 14:22:42 - INFO - 查询参数: []
2025-06-20 14:22:42 - INFO - 查询成功，返回 20 条记录
2025-06-20 14:23:25 - INFO - 启动TAVI智能分析系统API服务...
2025-06-20 14:23:26 - INFO - 启动TAVI智能分析系统API服务...
2025-06-20 14:23:32 - INFO - 数据库连接成功
2025-06-20 14:23:32 - INFO - 开始构建WHERE子句，筛选条件: {}
2025-06-20 14:23:32 - INFO - 最终WHERE子句: 1=1
2025-06-20 14:23:32 - INFO - 收到数据请求 - 筛选条件: {}
2025-06-20 14:23:32 - INFO - 查询参数: []
2025-06-20 14:23:32 - INFO - 页码: 1, 每页大小: 20
2025-06-20 14:23:32 - INFO - 数据库连接成功
2025-06-20 14:23:32 - INFO - 开始构建WHERE子句，筛选条件: {}
2025-06-20 14:23:32 - INFO - 最终WHERE子句: 1=1
2025-06-20 14:23:32 - INFO - 查询参数: []
2025-06-20 14:23:32 - INFO - 图表查询SQL: SELECT * FROM tavi_patients
2025-06-20 14:23:32 - INFO - 数据库连接成功
2025-06-20 14:23:32 - INFO - 查询参数: []
2025-06-20 14:23:32 - INFO - 开始构建WHERE子句，筛选条件: {}
2025-06-20 14:23:32 - INFO - 最终WHERE子句: 1=1
2025-06-20 14:23:32 - INFO - 查询参数: []
2025-06-20 14:23:32 - INFO - 查询成功，返回 20 条记录
2025-06-20 14:26:42 - INFO - 启动TAVI智能分析系统API服务...
2025-06-20 14:26:43 - INFO - 启动TAVI智能分析系统API服务...
2025-06-20 14:26:48 - INFO - 数据库连接成功
2025-06-20 14:26:48 - INFO - 开始构建WHERE子句，筛选条件: {}
2025-06-20 14:26:48 - INFO - 最终WHERE子句: 1=1
2025-06-20 14:26:48 - INFO - 查询参数: []
2025-06-20 14:26:48 - INFO - 收到数据请求 - 筛选条件: {}
2025-06-20 14:26:48 - INFO - 页码: 1, 每页大小: 20
2025-06-20 14:26:48 - INFO - 数据库连接成功
2025-06-20 14:26:48 - INFO - 开始构建WHERE子句，筛选条件: {}
2025-06-20 14:26:48 - INFO - 最终WHERE子句: 1=1
2025-06-20 14:26:48 - INFO - 查询参数: []
2025-06-20 14:26:48 - INFO - 图表查询SQL: SELECT * FROM tavi_patients
2025-06-20 14:26:48 - INFO - 查询参数: []
2025-06-20 14:26:48 - INFO - 数据库连接成功
2025-06-20 14:26:48 - INFO - 开始构建WHERE子句，筛选条件: {}
2025-06-20 14:26:48 - INFO - 最终WHERE子句: 1=1
2025-06-20 14:26:48 - INFO - 查询参数: []
2025-06-20 14:26:48 - INFO - 查询成功，返回 20 条记录
2025-06-20 14:27:40 - INFO - 启动TAVI智能分析系统API服务...
